{
  "pages/unavailable/hibernation": "{{#partial \"page\"}}\n\n<section class=\"page\">\n    <div class=\"page-content page-content--centered\">\n        <h1 class=\"page-heading\">\n            {{lang 'unavailable.hibernation_title'}}\n        </h1>\n        {{> components/common/alert/alert-error (lang 'unavailable.hibernation_message')}}\n    </div>\n</section>\n\n{{/partial}}\n{{> layout/base}}\n",
  "components/common/alert/alert-error": "<div class=\"alertBox alertBox--error\">\n    <div class=\"alertBox-column alertBox-icon\">\n        <icon glyph=\"ic-error\" class=\"icon\" aria-hidden=\"true\"><svg xmlns=\"http://www.w3.org/2000/svg\" width=\"24\" height=\"24\" viewBox=\"0 0 24 24\"><path d=\"M12 2C6.48 2 2 6.48 2 12s4.48 10 10 10 10-4.48 10-10S17.52 2 12 2zm1 15h-2v-2h2v2zm0-4h-2V7h2v6z\"></path></svg></icon>\n    </div>\n    <p class=\"alertBox-column alertBox-message\">\n        <span id=\"alertBox-message-text\">{{{this}}}</span>\n    </p>\n</div>\n",
  "layout/base": "<!DOCTYPE html>\n<html class=\"no-js\" lang=\"{{ locale_name }}\">\n    <head>\n        <title>{{ head.title }}</title>\n        {{{ resourceHints }}}\n        {{{ head.meta_tags }}}\n        {{{ head.config }}}\n        {{#block \"head\"}} {{/block}}\n\n        <link href=\"{{ head.favicon }}\" rel=\"shortcut icon\">\n        <meta name=\"viewport\" content=\"width=device-width, initial-scale=1\">\n\n        <script>\n            {{!-- Change document class from no-js to js so we can detect this in css --}}\n            document.documentElement.className = document.documentElement.className.replace('no-js', 'js');\n        </script>\n\n        {{> components/common/polyfill-script }}\n\n        {{!-- Load Lazysizes script ASAP so images will appear --}}\n        <script>\n            {{!-- Only load visible elements until the onload event fires, after which preload nearby elements. --}}\n            window.lazySizesConfig = window.lazySizesConfig || {};\n            window.lazySizesConfig.loadMode = 1;\n        </script>\n        <script async src=\"{{cdn 'assets/dist/theme-bundle.head_async.js'}}\"></script>\n\n        <script src=\"https://ajax.googleapis.com/ajax/libs/webfont/1.6.26/webfont.js\"></script>\n\n        <script>\n            WebFont.load({\n                custom: {\n                    families: ['Karla', 'Roboto', 'Source Sans Pro']\n                },\n                classes: false\n            });\n        </script>\n\n        {{ getFontsCollection }}\n        {{{stylesheet '/assets/css/theme.css'}}}\n\n        {{{head.scripts}}}\n\n\n        {{~inject 'zoomSize' theme_settings.zoom_size}}\n        {{~inject 'productSize' theme_settings.product_size}}\n        {{~inject 'showAdminBar' theme_settings.show-admin-bar}}\n        {{~inject 'genericError' (lang 'common.generic_error')}}\n        {{~inject 'maintenanceModeSettings' settings.maintenance}}\n        {{~inject 'adminBarLanguage' (langJson 'admin')}}\n        {{~inject 'urls' urls}}\n        {{~inject 'secureBaseUrl' settings.secure_base_url}}\n        {{~inject 'cartId' cart_id}}\n        {{~inject 'channelId' settings.channel_id}}\n        {{~inject 'template' template}}\n        {{~inject 'validationDictionaryJSON' (langJson 'validation_messages')}}\n        {{~inject 'validationFallbackDictionaryJSON' (langJson 'validation_fallback_messages')}}\n        {{~inject 'validationDefaultDictionaryJSON' (langJson 'default_messages')}} \n    </head>\n    <body>\n        <svg data-src=\"{{cdn 'img/icon-sprite.svg'}}\" class=\"icons-svg-sprite\"></svg>\n\n        {{> components/ob-custom/ob-header }}\n        {{> components/common/body }}\n        {{> components/ob-custom/ob-footer }}\n\n        <script>window.__webpack_public_path__ = \"{{cdn 'assets/dist/'}}\";</script>\n        <script src=\"{{cdn 'assets/dist/theme-bundle.main.js'}}\"></script>\n        <script>\n            {{!-- Exported in app.js --}}\n            window.stencilBootstrap(\"{{page_type}}\", {{jsContext}}).load();\n        </script>\n\n        {{{footer.scripts}}}\n    </body>\n</html>\n",
  "components/common/polyfill-script": "<script>\n    {{!--\n        Check for modern browser features, and load polyfills if browser does not appear to support features\n        we need.\n\n            Polyfill approach is all or nothing - please import needed polyfills in /assets/js/polyfills.js\n\n        Inspired by https://philipwalton.com/articles/loading-polyfills-only-when-needed/\n            --}}\n    function browserSupportsAllFeatures() {\n        return window.Promise\n            && window.fetch\n            && window.URL\n            && window.URLSearchParams\n            && window.WeakMap\n            // object-fit support\n            && ('objectFit' in document.documentElement.style);\n    }\n\n    function loadScript(src) {\n        var js = document.createElement('script');\n        js.src = src;\n        js.onerror = function () {\n            console.error('Failed to load polyfill script ' + src);\n        };\n        document.head.appendChild(js);\n    }\n\n    if (!browserSupportsAllFeatures()) {\n        loadScript('{{cdn 'assets/dist/theme-bundle.polyfills.js'}}');\n    }\n</script>\n",
  "components/ob-custom/ob-header": "<a href=\"#main-content\" class=\"skip-to-main-link\">{{lang 'header.skip_to_main'}}</a>\n{{#if banners.top}}\n<div class=\"banners\" data-banner-location=\"top\">\n    {{#each (limit banners.top_metadata 1)}}\n    <div class=\"banner\" data-event-type=\"promotion\" data-entity-id=\"{{this.id}}\" data-name=\"{{this.banner-name}}\" data-position=\"{{this.location}}\" data-banner-id=\"{{this.banner-name}}\">\n        <div data-event-type=\"promotion-click\">\n            {{{this.content}}}\n        </div>\n    </div>\n    {{/each}}\n</div>\n{{/if}}\n<header class=\"header\" role=\"banner\">\n    <a href=\"#\" class=\"mobileMenu-toggle\" data-mobile-menu-toggle=\"menu\">\n        <span class=\"mobileMenu-toggleIcon\">Toggle menu</span>\n    </a>\n\n    <div class=\"container header-container\">\n        {{#if page_type '===' 'default'}}\n            <h1 class=\"header-logo header-logo--{{theme_settings.logo-position}}\">\n                <a href=\"/\"><img src=\"{{cdn 'assets/img/ob-custom/logo-blue.png'}}\" alt=\"\" /></a>\n            </h1>\n        {{else}}\n            <div class=\"header-logo header-logo--{{theme_settings.logo-position}}\">\n                <a href=\"/\"><img src=\"{{cdn 'assets/img/ob-custom/logo-blue.png'}}\" alt=\"\" /></a>\n            </div>\n        {{/if}}\n        <div class=\"navPages-container\" id=\"menu\" data-menu>\n            {{> components/ob-custom/ob-navigation-menu}}\n        </div>\n        <div class=\"navPages-quickSearch ob-desktop\">\n            {{> components/common/quick-search name='nav-menu-quick-search'}}\n        </div>\n    </div>\n</header>\n{{{region name=\"header_bottom--global\"}}}\n{{{region name=\"header_bottom\"}}}\n\n<a href=\"\" class=\"skip-to-top\">\n    <svg>\n        <use xmlns:xlink=\"http://www.w3.org/1999/xlink\" xlink:href=\"#icon-ob-arrow-up\"></use>\n    </svg>\n</a>\n",
  "components/common/body": "<main class=\"body\" id='main-content' role='main' data-currency-code=\"{{currency_selector.active_currency_code}}\">\n    {{#block \"hero\"}} {{/block}}\n    <div class=\"container\">\n        {{#block \"page\"}} {{/block}}\n    </div>\n    {{> components/common/modal/modal}}\n    {{> components/common/alert/alert-modal}}\n</main>\n",
  "components/ob-custom/ob-footer": "{{#if banners.bottom}}\n    {{#if settings.data_tag_enabled}}\n        <div class=\"banners\" data-banner-location=\"bottom\">\n            {{#each (limit banners.bottom_metadata 1)}}\n                <div class=\"banner\" data-event-type=\"promotion\" data-entity-id=\"{{this.id}}\" data-name=\"{{this.banner-name}}\" data-position=\"{{this.location}}\" data-name=\"{{this.banner-name}}\">\n                    <div data-event-type=\"promotion-click\">\n                        {{{this.content}}}\n                    </div>\n                </div>\n            {{/each}}\n        </div>\n    {{else}}\n        <div class=\"banners\" data-banner-location=\"bottom\">\n            <div class=\"banner\">\n                {{{limit banners.bottom 1}}}\n            </div>\n        </div>\n    {{/if}}\n{{/if}}\n<footer class=\"footer\" role=\"contentinfo\">\n    <div class=\"container\">\n        <section class=\"footer-info row\">\n            <div class=\"col-md-8 col-sm-12\">\n                <article class=\"footer-info-col col-md-4 col-sm-4\" data-section-type=\"footer-webPages\">\n                    <h3 class=\"footer-info-heading\">About</h3>\n                    <ul class=\"footer-info-list\">\n                        <li>\n                            <a href=\"/why-mff/\">About MyFitFoods</a>\n                        </li>\n                        <li>\n                            <a href=\"/success-stories/\">Real Stories</a>\n                        </li>\n                        <li>\n                            <a href=\"/locations/\">Locations</a>\n                        </li>\n                        <li>\n                            <a href=\"/fit-club/\">Fit Club</a>\n                        </li>\n                        <li>\n                            <a href=\"/faq/\">FAQs</a>\n                        </li>\n                    </ul>\n                </article>\n                <article class=\"footer-info-col col-md-4 col-sm-4\" data-section-type=\"footer-webPages\">\n                    <h3 class=\"footer-info-heading\">Foods</h3>\n                    <ul class=\"footer-info-list\">\n                        <li>\n                            <a href=\"/quickstart/\">Shop All Meals</a>\n                        </li>\n                        <li>\n                            <a href=\"/breakfast/\">Breakfast</a>\n                        </li>\n                        <li>\n                            <a href=\"/lunch/\">Lunch</a>\n                        </li>\n                        <li>\n                            <a href=\"/dinner/\">Dinner</a>\n                        </li>\n                        <li>\n                            <a href=\"/snacks/\">Snacks</a>\n                        </li>\n                    </ul>\n                </article>\n                <article class=\"footer-info-col col-md-4 col-sm-4\" data-section-type=\"footer-webPages\">\n                    <h3 class=\"footer-info-heading\">Info</h3>\n                    <ul class=\"footer-info-list\">\n                        <li>\n                            <a href=\"/blog/\">The Fit Life Blog</a>\n                        </li>\n                        <!--<li>-->\n                        <!--    <a href=\"/brand-assets/\">Brand Assets</a>-->\n                        <!--</li>-->\n                        <li>\n                            <a href=\"/contact-us/\">Contact Us</a>\n                        </li>\n                        <li>\n                            <a href=\"/fitchecks/\">#Fitchecks</a>\n                        </li>\n                        <li>\n                            <a href=\"{{urls.sitemap}}\">{{lang 'sitemap.page_title'}}</a>\n                        </li>\n                    </ul>\n                </article>\n            </div>\n            <div class=\"col-md-4 col-sm-12\">\n                <article class=\"footer-info-col footer-social-col col-md-12\">\n                    <img src=\"{{cdn 'assets/img/ob-custom/logo-green.png'}}\" class=\"sub-logo\" alt=\"\" />\n\n                    <div class=\"social-block\">\n                        <a href=\"https://www.facebook.com/MyFitFoodsMeals\"><img src=\"{{cdn 'assets/img/ob-custom/facebook.png'}}\" alt=\"\" /></a>\n                        <a href=\"https://www.instagram.com/myfitfoodsofficial/\"><img src=\"{{cdn 'assets/img/ob-custom/instagram.png'}}\" alt=\"\" /></a>\n                        <span>#GIVEAFIT</span>\n                    </div>\n                </article>\n            </div>\n        </section>\n\n        <div class=\"footer-copyright\">\n            <div class=\"container\">\n                <div class=\"privacy-links\">\n                    <a href=\"/privacy-policy/\">Privacy Policy</a>\n                    <a href=\"/terms-of-service/\">Terms of Service</a>\n                </div>\n\n                <div class=\"footer-store\">\n                    <p>&copy; {{moment format=\"YYYY\"}} MyFitFoods, LLC.</p>\n                </div>\n            </div>\n        </div>\n    </div>\n</footer>\n",
  "components/ob-custom/ob-navigation-menu": "<nav class=\"navPages\">\n    <div class=\"navPages-quickSearch ob-mobile\">\n      {{> components/common/quick-search name='nav-menu-quick-search'}}\n    </div>\n\n    <ul class=\"navPages-list{{#if theme_settings.navigation_design '!==' 'simple'}} navPages-list-depth-max{{/if}}\">\n        <li class=\"navPages-item navPages-item-page\">\n            <a class=\"navPages-action\"\n               href=\"/quickstart\"\n               aria-label=\"Shop\">\n                Shop\n            </a>\n        </li>\n        <li class=\"navPages-item navPages-item-page\">\n            <a class=\"navPages-action{{#if 'Why MFF?' '==' ../page.title}} activePage{{/if}}\"\n               href=\"/why-mff\"\n               aria-label=\"Why MFF?\">\n                Why MFF?\n            </a>\n        </li>\n        <li class=\"navPages-item navPages-item-page\">\n            <a class=\"navPages-action{{#if 'Fit Club' '==' ../page.title}} activePage{{/if}}\"\n               href=\"/fit-club\"\n               aria-label=\"Fit Club\">\n                Fit Club\n            </a>\n        </li>\n        <li class=\"navPages-item navPages-item-page\">\n            <a class=\"navPages-action{{#if '21 Days' '==' ../page.title}} activePage{{/if}}\"\n               href=\"/21-day-challenge\"\n               aria-label=\"21 Days\">\n                21 Days\n            </a>\n        </li>\n        <li class=\"navPages-item navPages-item-page\">\n            <a class=\"navPages-action{{#if 'Locations' '==' ../page.title}} activePage{{/if}}\"\n               href=\"/locations\"\n               aria-label=\"Locations\">\n                Locations\n            </a>\n        </li>\n        <li class=\"navPages-item navPages-item-page\">\n            <a class=\"navPages-action{{#if 'Blog' '==' ../page.title}} activePage{{/if}}\"\n               href=\"/blog\"\n               aria-label=\"Blog\">\n                Blog\n            </a>\n        </li>\n        <li class=\"navPages-item navPages-item-page navPages-item-icon\">\n            {{#if customer}}\n                <a class=\"navPages-action\"\n                   href=\"{{urls.account.index}}\"\n                   aria-label=\"{{lang 'common.account'}}\"\n                >\n                 <svg><use xlink:href=\"#icon-account\" /></svg>\n                </a>\n            {{else}}\n                <a class=\"navPages-action\"\n                   href=\"{{urls.auth.login}}\"\n                   aria-label=\"{{lang 'common.login'}}\"\n                >\n                <svg class=\"ob-desktop\"><use xlink:href=\"#icon-account\" /></svg>\n                <span class=\"ob-mobile\">Account</span>\n                </a>\n            {{/if}}\n        </li>\n        <li class=\"navPages-item navPages-item-page navPages-item-icon\">\n            <a class=\"navPages-action\"\n               href=\"{{urls.cart}}\"\n               aria-label=\"{{lang 'cart.nav_aria_label'}}\"\n            >\n                <span class=\"navUser-item--sub navUser-item-cartLabel ob-desktop\">          \n                  <svg><use xlink:href=\"#icon-ob-basket\" /></svg>              \n                </span>\n                <span class=\"navUser-item--sub full-cart-qty ob-desktop\">(<span class=\"countPill cart-quantity\"></span>)</span>\n                <span class=\"ob-mobile\">\n                  View Cart\n                  <span class=\"navUser-item--sub full-cart-qty\">(<span class=\"countPill cart-quantity\"></span>)</span>\n                </span>\n            </a>\n        </li>\n        <li class=\"navPages-item navPages-item-page navPages-item-search navPages-item-icon\">\n          <a class=\"navPages-action ob-search-toggle\">\n            <svg>\n              <use xmlns:xlink=\"http://www.w3.org/1999/xlink\" xlink:href=\"#icon-ob-search\"></use>\n            </svg>\n          </a>\n        </li>\n    </ul>\n</nav>\n",
  "components/common/quick-search": "<div class=\"container\">\n    <form class=\"form\" onsubmit=\"return false\" data-url=\"{{urls.search}}\" data-quick-search-form>\n        <fieldset class=\"form-fieldset\">\n            <div class=\"form-field\">\n                <label class=\"is-srOnly\" for=\"{{name}}\">{{lang \"search.quick_search.input_label\"}}</label>\n                <input class=\"form-input\"\n                       data-search-quick\n                       name=\"{{name}}\"\n                       id=\"{{name}}\"\n                       data-error-message=\"{{lang 'search.error.empty_field'}}\"\n                       placeholder=\"{{lang 'search.quick_search.input_placeholder'}}\"\n                       autocomplete=\"off\"\n                >\n            </div>\n        </fieldset>\n    </form>\n    <span class=\"exit\">x</span>\n    <section class=\"quickSearchResults\" data-bind=\"html: results\"></section>\n    <p role=\"status\"\n       aria-live=\"polite\"\n       class=\"aria-description--hidden\"\n       data-search-aria-message-predefined-text=\"{{{lang 'search.results.quick_count_live'}}}\"\n    ></p>\n</div>\n",
  "components/common/alert/alert-modal": "<div id=\"alert-modal\" class=\"modal modal--alert modal--small\" data-reveal data-prevent-quick-search-close>\n    <div class=\"swal2-icon swal2-error swal2-icon-show\"><span class=\"swal2-x-mark\"><span class=\"swal2-x-mark-line-left\"></span><span class=\"swal2-x-mark-line-right\"></span></span></div>\n\n    <div class=\"modal-content\"></div>\n\n    <div class=\"button-container\"><button type=\"button\" class=\"confirm button\" data-reveal-close>OK</button></div>\n</div>\n",
  "components/common/modal/modal": "<div id=\"modal\" class=\"modal\" data-reveal data-prevent-quick-search-close>\n    {{> components/common/modal/modal-close-btn}}\n    <div class=\"modal-content\"></div>\n    <div class=\"loadingOverlay\"></div>\n</div>\n",
  "components/common/modal/modal-close-btn": "<button class=\"modal-close\"\n        type=\"button\"\n        title=\"{{lang 'common.close'}}\"\n        {{additional_attr}}\n>\n    <span class=\"aria-description--hidden\">{{lang 'common.close'}}</span>\n    <span aria-hidden=\"true\">&#215;</span>\n</button>\n"
}