{
  "components/ob-custom/products/ob-product-view": "<div class=\"productView\" {{#if settings.data_tag_enabled}} data-event-type=\"product\" data-entity-id=\"{{product.id}}\" data-name=\"{{product.title}}\" data-product-category=\"{{#each product.category}}{{#if @last}}{{this}}{{else}}{{this}}, {{/if}}{{/each}}\" data-product-brand=\"{{product.brand.name}}\" data-product-price=\"{{#if product.price.with_tax}}{{product.price.with_tax.value}}{{else}}{{product.price.without_tax.value}}{{/if}}\" data-product-variant=\"single-product-option\"{{/if}}>\r\n{{#each product.reviews.messages}}\r\n        {{#if error}}\r\n            {{> components/common/alert/alert-error error}}\r\n        {{/if}}\r\n        {{#if success}}\r\n            {{> components/common/alert/alert-success success}}\r\n        {{/if}}\r\n    {{/each}}\r\n\r\n    <section class=\"productView-images\" data-image-gallery>\r\n        {{!--\r\n            Note that these image sizes are coupled to image sizes used in /assets/js/theme/common/product-details.js\r\n            for variant/rule image replacement\r\n        --}}\r\n        <figure class=\"productView-image\"\r\n                data-image-gallery-main\r\n                {{#if product.main_image}}\r\n                data-zoom-image=\"{{getImageSrcset product.main_image (cdn theme_settings.default_image_product) 1x=theme_settings.zoom_size }}\"\r\n                {{/if}}\r\n                >\r\n            <div class=\"productView-img-container\">\r\n                {{!-- Remove the surrounding a-element if there is no main image. --}}\r\n                {{#if product.main_image}}\r\n                    <a href=\"{{getImageSrcset product.main_image (cdn theme_settings.default_image_product) 1x=theme_settings.zoom_size}}\"\r\n                        target=\"_blank\"{{#if schema}} itemprop=\"image\"{{/if}}>\r\n                {{/if}}\r\n                {{> components/common/responsive-img\r\n                    image=product.main_image\r\n                    class=\"productView-image--default\"\r\n                    fallback_size=theme_settings.product_size\r\n                    lazyload=theme_settings.lazyload_mode\r\n                    default_image=theme_settings.default_image_product\r\n                    otherAttributes=\"data-main-image\"\r\n                }}\r\n                {{!-- Remove the surrounding a-element if there is no main image. --}}\r\n                {{#if product.main_image}}\r\n                    </a>\r\n                {{/if}}\r\n            </div>\r\n        </figure>\r\n        <ul class=\"productView-thumbnails\"{{#gt product.images.length 5}} data-slick='{\r\n                \"infinite\": false,\r\n                \"mobileFirst\": true,\r\n                \"dots\": false,\r\n                \"accessibility\": false,\r\n                \"slidesToShow\": 5,\r\n                \"slidesToScroll\": 5\r\n            }'\r\n            data-arrow-label=\"{{lang 'carousel.arrowAriaLabel'}} {{product.images.length}}\"\r\n            {{/gt}}>\r\n            {{#each product.images}}\r\n                <li class=\"productView-thumbnail\">\r\n                    <a\r\n                        class=\"productView-thumbnail-link\"\r\n                        href=\"{{getImageSrcset this (cdn ../theme_settings.default_image_product) 1x=../theme_settings.zoom_size}}\"\r\n                        data-image-gallery-item\r\n                        data-image-gallery-new-image-url=\"{{getImageSrcset this (cdn ../theme_settings.default_image_product) 1x=../theme_settings.product_size}}\"\r\n                        data-image-gallery-new-image-srcset=\"{{getImageSrcset this use_default_sizes=true}}\"\r\n                        data-image-gallery-zoom-image-url=\"{{getImageSrcset this (cdn ../theme_settings.default_image_product) 1x=../theme_settings.zoom_size}}\"\r\n                    >\r\n                    {{> components/common/responsive-img\r\n                        image=this\r\n                        fallback_size=../theme_settings.productview_thumb_size\r\n                        lazyload=../theme_settings.lazyload_mode\r\n                    }}\r\n                    </a>\r\n                </li>\r\n            {{/each}}\r\n        </ul>\r\n    </section>\r\n\r\n    <section class=\"productView-details product-data\">\r\n        <div class=\"productView-product\">\r\n            <h1 class=\"productView-title\" {{#if schema}}itemprop=\"name\"{{/if}}>{{product.title}}</h1>\r\n\r\n            <article class=\"productView-description\"{{#if schema}} itemprop=\"description\"{{/if}}>\r\n                {{{product.description}}}\r\n            </article>\r\n\r\n            {{#if customer.customer_group_name '===' \"Fit Club\"}}\r\n            <div class=\"charlesprice\" style=\"padding-top:10px;\">\r\n                <table style=\"width:100%;\">\r\n                      <tr>\r\n                          <th>{{customer.customer_group_name}} Discount Applied!</th>\r\n                          <th>You Save</th>\r\n                      </tr>\r\n                      <tr>\r\n                        <th><p>${{toFixed (multiply product.price.without_tax.value 1.0) 2}}</p></th>\r\n                        <th><p class=\"highlighted-price\">${{toFixed (multiply product.price.without_tax.value 0.25) 2}}</p></th>\r\n                      </tr>\r\n                </table>\r\n            </div>\r\n            {{else if customer.customer_group_name '===' \"BFF 50%\"}}\r\n            <div class=\"charlesprice\" style=\"padding-top:10px;\">\r\n                <table style=\"width:100%;\">\r\n                      <tr>\r\n                          <th>{{customer.customer_group_name}} Discount Applied!</th>\r\n                          <th>You Save</th>\r\n                      </tr>\r\n                      <tr>\r\n                        <th><p>${{toFixed (multiply product.price.without_tax.value 1.0) 2}}</p></th>\r\n                        <th><p class=\"highlighted-price\">${{toFixed (multiply product.price.without_tax.value 1.0) 2}}</p></th>\r\n                      </tr>\r\n                </table>\r\n            </div>\r\n            {{else if customer.customer_group_name '===' \"C&L 50%\"}}\r\n            <div class=\"charlesprice\" style=\"padding-top:10px;\">\r\n                <table style=\"width:100%;\">\r\n                      <tr>\r\n                          <th>{{customer.customer_group_name}} Discount Applied!</th>\r\n                          <th>You Save</th>\r\n                      </tr>\r\n                      <tr>\r\n                        <th><p>${{toFixed (multiply product.price.without_tax.value 1.0) 2}}</p></th>\r\n                        <th><p class=\"highlighted-price\">${{toFixed (multiply product.price.without_tax.value 1.0) 2}}</p></th>\r\n                      </tr>\r\n                </table>\r\n            </div>\r\n            {{else if customer.customer_group_name '===' \"BFF 35%\"}}\r\n            <div class=\"charlesprice\" style=\"padding-top:10px;\">\r\n                <table style=\"width:100%;\">\r\n                      <tr>\r\n                          <th>{{customer.customer_group_name}} Discount Applied!</th>\r\n                          <th>You Save</th>\r\n                      </tr>\r\n                      <tr>\r\n                        <th><p>${{toFixed (multiply product.price.without_tax.value 1.0) 2}}</p></th>\r\n                        <th><p class=\"highlighted-price\">${{toFixed (multiply product.price.without_tax.value 0.538462) 2}}</p></th>\r\n                      </tr>\r\n                </table>\r\n            </div>\r\n            {{else}}\r\n            <div class=\"charlesprice\" style=\"padding-top:10px;\">\r\n                <table style=\"width:100%;\">\r\n                      <tr>\r\n                          <th>Normal Price</th>\r\n                          <th>Fit Club Price</th>\r\n                      </tr>\r\n                      <tr>\r\n                        <th><p>${{toFixed (multiply product.price.without_tax.value 1.0) 2}}</p></th>\r\n                        <th><p class=\"highlighted-price\">${{toFixed (multiply product.price.without_tax.value 0.8) 2}}</p></th>\r\n                      </tr>\r\n                </table>\r\n            </div>\r\n            {{/if}}\r\n\r\n            {{{region name=\"product_below_price\"}}}\r\n            <div class=\"productView-rating\"{{#if product.num_reviews '>' 0}}{{#if schema}} itemprop=\"aggregateRating\" itemscope itemtype=\"http://schema.org/AggregateRating\"{{/if}}{{/if}}>\r\n                {{#if settings.show_product_rating}}\r\n                    {{#if product.num_reviews '>' 0}}\r\n                        {{#if schema}}\r\n                            <meta itemprop=\"ratingValue\" content=\"{{product.rating}}\">\r\n                            <meta itemprop=\"ratingCount\" content=\"{{product.num_reviews}}\">\r\n                            <meta itemprop=\"reviewCount\" content=\"{{product.num_reviews}}\">\r\n                        {{/if}}\r\n                    {{/if}}\r\n                        {{> components/products/ratings rating=product.rating}}\r\n                    {{#if product.num_reviews '>' 0}}\r\n                        <a href=\"{{product.url}}#product-reviews\" id=\"productReview_link\">\r\n                            {{lang 'products.reviews.link_to_review' total=product.num_reviews}}\r\n                        </a>\r\n                    {{else}}\r\n                        <span>{{lang 'products.reviews.link_to_review' total=product.num_reviews}}</span>\r\n                    {{/if}}\r\n                {{/if}}\r\n                {{#if settings.show_product_reviews}}\r\n                    <a href=\"{{product.url}}{{#if is_ajax}}#write_review{{/if}}\"\r\n                       class=\"productView-reviewLink productView-reviewLink--new\"\r\n                       {{#unless is_ajax}}data-reveal-id=\"modal-review-form\"{{/unless}}\r\n                       role=\"button\"\r\n                    >\r\n                       {{lang 'products.reviews.new'}}\r\n                    </a>\r\n                    {{> components/products/modals/writeReview}}\r\n                {{/if}}\r\n            </div>\r\n            {{product.detail_messages}}\r\n        </div>\r\n    </section>\r\n\r\n    <section class=\"productView-details product-options\">\r\n        <div class=\"productView-options\">\r\n            {{#if product.release_date }}\r\n                <p>{{product.release_date}}</p>\r\n            {{/if}}\r\n            <form class=\"form\" method=\"post\" action=\"{{product.cart_url}}\" enctype=\"multipart/form-data\"\r\n                  data-cart-item-add>\r\n                <input type=\"hidden\" name=\"action\" value=\"add\">\r\n                <input type=\"hidden\" name=\"product_id\" value=\"{{product.id}}\"/>\r\n                <div data-product-option-change style=\"display:none;\">\r\n                    {{#each product.options}}\r\n                        {{{dynamicComponent 'components/products/options'}}}\r\n                    {{/each}}\r\n                </div>\r\n                <div class=\"form-field form-field--stock{{#unless product.stock_level}} u-hiddenVisually{{/unless}}\">\r\n                    <label class=\"form-label form-label--alternate\">\r\n                        {{lang 'products.current_stock'}}\r\n                        <span data-product-stock>{{product.stock_level}}</span>\r\n                    </label>\r\n                </div>\r\n                {{> components/products/add-to-cart}}\r\n                {{#if product.out_of_stock}}\r\n                    {{#if product.out_of_stock_message}}\r\n                        {{> components/common/alert/alert-error product.out_of_stock_message}}\r\n                    {{else}}\r\n                        {{> components/common/alert/alert-error (lang 'products.sold_out')}}\r\n                    {{/if}}\r\n                {{/if}}\r\n            </form>\r\n        </div>\r\n    </section>\r\n</div>\r\n\r\n<div class=\"row products-facts\">\r\n    <div class=\"col-md-6 col-sm-6 nutrition-label\">\r\n        <section class=\"performance-facts\" style=\"padding-bottom:20px;\">\r\n            <header class=\"performance-facts__header\">\r\n                <h1 class=\"performance-facts__title\">Nutrition Facts</h1>\r\n                <p>{{#filter product.custom_fields 'Servings' property='name' }} {{value}} {{/filter}} Serving Per Container</p>\r\n                <p>Serving Size {{#filter product.custom_fields 'Serving Size' property='name' }} {{value}} {{/filter}} Serving, {{#filter product.custom_fields 'Serving Size Oz' property='name' }} {{value}} {{/filter}}oz ({{#filter product.custom_fields 'Serving Size Grams' property='name' }} {{value}} {{/filter}}g)\r\n            </header>\r\n            \r\n            <table class=\"performance-facts__table\">\r\n                <thead>\r\n                    <tr>\r\n                        <th colspan=\"3\" class=\"small-info\">Amount Per Serving</th>\r\n                    </tr>\r\n                </thead>\r\n                <tbody>\r\n                    <tr>\r\n                        <th colspan=\"2\">\r\n                            <b>Calories</b>\r\n                            {{#filter product.custom_fields 'Calories' property='name' }} {{value}} {{/filter}}\r\n                        </th>\r\n                        <td></td>\r\n                    </tr>\r\n                    <tr class=\"thick-row\">\r\n                        <td colspan=\"3\" class=\"small-info\"><b>% Daily Value*</b></td>\r\n                    </tr>\r\n                    <tr>\r\n                        <th colspan=\"2\">\r\n                            <b>Total Fat</b>\r\n                            {{#filter product.custom_fields 'Total Fat' property='name' }} {{value}} {{/filter}}g\r\n                        </th>\r\n                        <td>\r\n                            <b>{{#filter product.custom_fields 'Percent Total Fat' property='name' }} {{value}} {{/filter}}%</b>\r\n                        </td>\r\n                    </tr>\r\n                    <tr>\r\n                        <td class=\"blank-cell\"></td>\r\n                        <th>\r\n                            Saturated Fat\r\n                            {{#filter product.custom_fields 'Saturated Fat' property='name' }} {{value}} {{/filter}}g\r\n                        </th>\r\n                        <td>\r\n                            <b>{{#filter product.custom_fields 'Percent Saturated Fat' property='name' }} {{value}} {{/filter}}%</b>\r\n                        </td>\r\n                    </tr>\r\n                    <tr>\r\n                        <td class=\"blank-cell\"></td>\r\n                        <th>Trans Fat 0g</th>\r\n                        <td></td>\r\n                    </tr>\r\n                    <tr>\r\n                        <th colspan=\"2\">\r\n                            <b>Sodium</b>\r\n                            {{#filter product.custom_fields 'Sodium' property='name' }} {{value}} {{/filter}}mg\r\n                        </th>\r\n                        <td>\r\n                            <b>{{#filter product.custom_fields 'Percent Sodium' property='name' }} {{value}} {{/filter}}%</b>\r\n                        </td>\r\n                    </tr>\r\n                    <tr>\r\n                        <th colspan=\"2\">\r\n                            <b>Total Carbohydrate</b>\r\n                            {{#filter product.custom_fields 'Total Carbohydrates' property='name' }} {{value}} {{/filter}}g\r\n                        </th>\r\n                        <td>\r\n                            <b>{{#filter product.custom_fields 'Percent Carbohydrate' property='name' }} {{value}} {{/filter}}%</b>\r\n                        </td>\r\n                    </tr>\r\n                    <tr>\r\n                        <td class=\"blank-cell\"></td>\r\n                        <th>\r\n                            Dietary Fiber\r\n                            {{#filter product.custom_fields 'Dietary Fiber' property='name' }} {{value}} {{/filter}}g\r\n                        </th>\r\n                        <td>\r\n                            <b>{{#filter product.custom_fields 'Percent Dietary Fiber' property='name' }} {{value}} {{/filter}}%</b>\r\n                        </td>\r\n                    </tr>\r\n                    <tr>\r\n                        <td class=\"blank-cell\"></td>\r\n                        <th>\r\n                            Total Sugars\r\n                            {{#filter product.custom_fields 'Total Sugars' property='name' }} {{value}} {{/filter}}g\r\n                        </th>\r\n                        <td></td>\r\n                    </tr>\r\n                    <tr>\r\n                        <td class=\"blank-cell\"></td>\r\n                        <th>\r\n                            Includes\r\n                            {{#filter product.custom_fields 'Added Sugar' property='name' }} {{value}} {{/filter}}g added sugars\r\n                        </th>\r\n                        <td>\r\n                            <b>{{#filter product.custom_fields 'Percent Added Sugars' property='name' }} {{value}} {{/filter}}%</b>\r\n                        </td>\r\n                    </tr>\r\n                    <tr class=\"thick-end\">\r\n                        <th colspan=\"2\">\r\n                            <b>Protein</b>\r\n                            {{#filter product.custom_fields 'Protein' property='name' }} {{value}} {{/filter}}g\r\n                        </th>\r\n                        <td></td>\r\n                    </tr>\r\n                </tbody>\r\n            </table>\r\n            <p><b>Allergens:</b>{{#filter product.custom_fields 'Allergens' property='name' }} {{value}} {{/filter}}</p>\r\n        </section>\r\n    </div>\r\n    <div class=\"col-md-6 col-sm-6 ingredient-icons\">\r\n        <h3 class=\"productView-desc-heading\">Ingredients</h3>    \r\n        <table style=\"width: 100%; border-collapse: collapse; text-align: center;\" border=\"0\">\r\n            <tbody>\r\n                <tr>\r\n                    <td style=\"width: 33.3333%;\"><img src=\"../product_images/uploaded_images/icons/{{#filter product.custom_fields 'Ingredient 1 Icon' property='name'}}{{value}}{{/filter}}.png\" alt=\"{{#filter product.custom_fields 'Ingredient 1 Name' property='name'}}{{value}}{{/filter}}\" width=\"100\" height=\"100\" /></td>\r\n                    <td style=\"width: 33.3333%;\"><img src=\"../product_images/uploaded_images/icons/{{#filter product.custom_fields 'Ingredient 2 Icon' property='name'}}{{value}}{{/filter}}.png\" alt=\"{{#filter product.custom_fields 'Ingredient 2 Name' property='name'}}{{value}}{{/filter}}\" width=\"100\" height=\"100\" /></td>\r\n                    <td style=\"width: 33.3333%;\"><img src=\"../product_images/uploaded_images/icons/{{#filter product.custom_fields 'Ingredient 3 Icon' property='name'}}{{value}}{{/filter}}.png\" alt=\"{{#filter product.custom_fields 'Ingredient 3 Name' property='name'}}{{value}}{{/filter}}\" width=\"100\" height=\"100\" /></td>\r\n                </tr>\r\n                <tr>\r\n                    <td style=\"width: 33.3333%;\">&nbsp;</td>\r\n                    <td style=\"width: 33.3333%;\">&nbsp;</td>\r\n                    <td style=\"width: 33.3333%;\">&nbsp;</td>\r\n                </tr>\r\n                <tr>\r\n                    <td style=\"width: 33.3333%;\"><strong>{{#filter product.custom_fields 'Ingredient 1 Name' property='name'}}{{value}}{{/filter}}<br /></strong></td>\r\n                    <td style=\"width: 33.3333%;\"><strong>{{#filter product.custom_fields 'Ingredient 2 Name' property='name'}}{{value}}{{/filter}}</strong></td>\r\n                    <td style=\"width: 33.3333%;\"><strong>{{#filter product.custom_fields 'Ingredient 3 Name' property='name'}}{{value}}{{/filter}}</strong></td>\r\n                </tr>\r\n                <tr>\r\n                    <td style=\"width: 33.3333%;\">&nbsp;</td>\r\n                    <td style=\"width: 33.3333%;\">&nbsp;</td>\r\n                    <td style=\"width: 33.3333%;\">&nbsp;</td>\r\n                </tr>\r\n                <tr>\r\n                    <td style=\"width: 33.3333%;\"><img src=\"../product_images/uploaded_images/icons/{{#filter product.custom_fields 'Ingredient 4 Icon' property='name'}}{{value}}{{/filter}}.png\" alt=\"{{#filter product.custom_fields 'Ingredient 4 Name' property='name' }}{{value}}{{/filter}}\" width=\"100\" height=\"100\" /></td>\r\n                    <td style=\"width: 33.3333%;\"><img src=\"../product_images/uploaded_images/icons/{{#filter product.custom_fields 'Ingredient 5 Icon' property='name'}}{{value}}{{/filter}}.png\" alt=\"{{#filter product.custom_fields 'Ingredient 5 Name' property='name' }}{{value}}{{/filter}}\" width=\"100\" height=\"100\" /></td>\r\n                    <td style=\"width: 33.3333%;\"><img src=\"../product_images/uploaded_images/icons/{{#filter product.custom_fields 'Ingredient 6 Icon' property='name'}}{{value}}{{/filter}}.png\" alt=\"{{#filter product.custom_fields 'Ingredient 6 Name' property='name' }}{{value}}{{/filter}}\" width=\"100\" height=\"100\" /></td>\r\n                </tr>\r\n                <tr>\r\n                    <td style=\"width: 33.3333%;\">&nbsp;</td>\r\n                    <td style=\"width: 33.3333%;\">&nbsp;</td>\r\n                    <td style=\"width: 33.3333%;\">&nbsp;</td>\r\n                </tr>\r\n                <tr>\r\n                    <td style=\"width: 33.3333%;\"><strong>{{#filter product.custom_fields 'Ingredient 4 Name' property='name'}}{{value}}{{/filter}}</strong></td>\r\n                    <td style=\"width: 33.3333%;\"><strong>{{#filter product.custom_fields 'Ingredient 5 Name' property='name'}}{{value}}{{/filter}}</strong></td>\r\n                    <td class=\"ingredient-block\"><strong>{{#filter product.custom_fields 'Ingredient 6 Name' property='name'}}{{value}}{{/filter}}</strong></td>\r\n                </tr>\r\n                <tr>\r\n                    <td colspan=\"3\" style=\"padding-top: 25px;\" font-weight:bold;>{{product.warranty}}</td>\r\n                </tr>\r\n            </tbody>\r\n        </table>\r\n    </div>\r\n</div>\r\n\r\n<div id=\"previewModal\" class=\"modal modal--large\" data-reveal>\r\n    {{> components/common/modal/modal-close-btn }}\r\n    <div class=\"modal-content\"></div>\r\n    <div class=\"loadingOverlay\"></div>\r\n</div>\r\n",
  "components/common/alert/alert-error": "<div class=\"alertBox alertBox--error\">\r\n    <div class=\"alertBox-column alertBox-icon\">\r\n        <icon glyph=\"ic-error\" class=\"icon\" aria-hidden=\"true\"><svg xmlns=\"http://www.w3.org/2000/svg\" width=\"24\" height=\"24\" viewBox=\"0 0 24 24\"><path d=\"M12 2C6.48 2 2 6.48 2 12s4.48 10 10 10 10-4.48 10-10S17.52 2 12 2zm1 15h-2v-2h2v2zm0-4h-2V7h2v6z\"></path></svg></icon>\r\n    </div>\r\n    <p class=\"alertBox-column alertBox-message\">\r\n        <span id=\"alertBox-message-text\">{{{this}}}</span>\r\n    </p>\r\n</div>\r\n",
  "components/common/alert/alert-success": "<div class=\"alertBox alertBox--success\">\r\n    <div class=\"alertBox-column alertBox-icon\">\r\n        <icon glyph=\"ic-success\" class=\"icon\" aria-hidden=\"true\"><svg xmlns=\"http://www.w3.org/2000/svg\" width=\"24\" height=\"24\" viewBox=\"0 0 24 24\"><path d=\"M12 2C6.48 2 2 6.48 2 12s4.48 10 10 10 10-4.48 10-10S17.52 2 12 2zm1 15h-2v-2h2v2zm0-4h-2V7h2v6z\"></path></svg></icon>\r\n    </div>\r\n    <p class=\"alertBox-column alertBox-message\">\r\n        <span id=\"alertBox-message-text\">{{{this}}}</span>\r\n    </p>\r\n</div>\r\n",
  "components/common/responsive-img": "{{!--\r\nThis file implements the lazysizes srcset pattern (as seen on\r\nhttps://github.com/aFarkas/lazysizes#modern-transparent-srcset-pattern) for maximum performance on modern browsers\r\nand reasonable compatibility with legacy browsers.\r\n\r\nThere are a few important arguments to know about when using this component:\r\n`lazyload`:\r\n    - If set to 'lazyload+lqip', will load a low-res image which will be replaced by lazysizes - ensuring that SOME\r\n    content is shown immediately on page load. Without LQIP, a transparent gif will be used instead, which reduces\r\n    the number of requests needed to load the page, making it even faster.\r\n    - If set to 'lazyload', the browser will not load the full-size image at first, instead the lazysizes plugin will\r\n        load it progressively after page load. This improves the load speed of the page, but it should be disabled for\r\n        high-priority above-the-fold images.\r\n    - If set to 'disabled', will not attempt to lazyload the image and instead tell the browser to load it immediately.\r\n        Use this for high-priority images that are above the fold.\r\n\r\n`fallback_size`:\r\n    This is the size to use for this image in legacy browsers that do not support srcset.\r\n    Can be defined as a pixel bounding-box size (e.g. \"123x123) or inherent width (e.g. \"123w\").\r\n\r\n`class`:\r\n    The CSS classes to add to the image, e.g. \"card-image\". If lazyloading is enabled, all images will have the\r\n    \"lazyload\" class so that lazysizes will target them automatically.\r\n\r\n`otherAttributes`:\r\n    Any other HTML attributes you want on the img tag, for example \"height='100' width='100'\"\r\n\r\n`default_image`:\r\n    The default image to use if `image` is undefined or falsy. Should be a theme asset, usually defined as a relative\r\n    path in the theme config. If a default image is not provided, you'll get an image tag with no image if the primary\r\n    image is undefined.\r\n\r\n`lqip_size`:\r\n    If you want to specify a particular size for the LQIP image, you can do so with this argument. A default of 80\r\n    pixels wide will be used otherwise. This argument has no effect if the lazyload mode is not \"lazyload+lqip\".\r\n\r\n--}}\r\n<img {{#if image}}{{!-- Get the default image for legacy browsers that do not support srcset\r\n--}}src=\"{{getImageSrcset image 1x=(default fallback_size '160w')}}\" alt=\"{{image.alt}}\" title=\"{{image.alt}}\" {{!--\r\n  Allow lazysizes to generate the 'sizes' attribute automatically --}}data-sizes=\"auto\"\r\n  {{#unless lazyload '==' 'disabled'}}\r\n    {{#if lazyload '==' 'lazyload+lqip'}}\r\n    {{!-- If we want a LQIP, include it as the default srcset (will be overwritten by lazysizes) --}}\r\n    srcset=\"{{getImageSrcset image 1x=(default lqip_size '80w')}}\"\r\n    {{else}}\r\n      {{!-- If we don't want a LQIP, use a 1px transparent gif for the stand-in image\r\n            This requires no additional network request, so it's fast --}}\r\n    srcset=\"data:image/gif;base64,R0lGODlhAQABAIAAAP///wAAACH5BAEAAAAALAAAAAABAAEAAAICRAEAOw==\"\r\n    {{/if}}\r\n{{/unless}}\r\n{{!-- If lazyloading is disabled, just use \"srcset\". If it is not disabled, use \"data-srcset\" so lazysizes will use\r\n      this after page load --}}\r\n{{!--\r\nGenerate the srcset string using the default sizes defined in the helper. This will allow the browser to\r\npick the best-sized image based on its own understanding of how it will render the page.\r\n--}}\r\n{{#unless lazyload '==' 'disabled'}}data-{{/unless}}srcset=\"{{getImageSrcset image use_default_sizes=true }}\"\r\n{{else if default_image}}src=\"{{cdn default_image}}\"{{/if}}\r\nclass=\"{{#unless lazyload '==' 'disabled'}}lazyload{{/unless}}{{#if class}} {{class}}{{/if}}\"\r\n{{#if lazyload '==' 'lazyload'}}loading=\"lazy\"{{/if}}\r\n{{otherAttributes}} />\r\n",
  "components/products/ratings": "<span role=\"img\"\r\n      alt=\"{{lang 'products.reviews.rating_aria_label' current_rating=rating max_rating=5}}\"\r\n      title=\"{{lang 'products.reviews.rating_aria_label' current_rating=rating max_rating=5}}\"\r\n>\r\n    {{#for 1 5}}\r\n        {{#if ../this.rating '>=' $index}}\r\n            <span class=\"icon icon--ratingFull\">\r\n                <svg>\r\n                    <use xlink:href=\"#icon-star\" />\r\n                </svg>\r\n            </span>\r\n        {{else}}\r\n            <span class=\"icon icon--ratingEmpty\">\r\n                <svg>\r\n                    <use xlink:href=\"#icon-star\" />\r\n                </svg>\r\n            </span>\r\n        {{/if}}\r\n    {{/for}}\r\n</span>\r\n",
  "components/products/add-to-cart": "<div id=\"add-to-cart-wrapper\" {{#unless product.can_purchase}}style=\"display: none\"{{/unless}}>\r\n    {{#if theme_settings.show_product_quantity_box}}\r\n        <div class=\"form-field form-field--increments\">\r\n            <label class=\"form-label form-label--alternate\"\r\n                   for=\"qty[]\">{{lang 'products.quantity'}}</label>\r\n                <div class=\"form-increment\" data-quantity-change>\r\n                    <button class=\"button button--icon\" data-action=\"dec\">\r\n                        <span class=\"is-srOnly\">{{lang 'products.quantity_decrease'}}</span>\r\n                        <i class=\"icon\" aria-hidden=\"true\">\r\n                            <svg>\r\n                                <use xlink:href=\"#icon-keyboard-arrow-down\"/>\r\n                            </svg>\r\n                        </i>\r\n                    </button>\r\n                    <input class=\"form-input form-input--incrementTotal\"\r\n                           id=\"qty[]\"\r\n                           name=\"qty[]\"\r\n                           type=\"tel\"\r\n                           value=\"{{#if product.min_purchase_quantity}}{{product.min_purchase_quantity}}{{else}}1{{/if}}\"\r\n                           data-quantity-min=\"{{product.min_purchase_quantity}}\"\r\n                           data-quantity-max=\"{{product.max_purchase_quantity}}\"\r\n                           min=\"1\"\r\n                           pattern=\"[0-9]*\"\r\n                           aria-live=\"polite\">\r\n                    <button class=\"button button--icon\" data-action=\"inc\">\r\n                        <span class=\"is-srOnly\">{{lang 'products.quantity_increase'}}</span>\r\n                        <i class=\"icon\" aria-hidden=\"true\">\r\n                            <svg>\r\n                                <use xlink:href=\"#icon-keyboard-arrow-up\"/>\r\n                            </svg>\r\n                        </i>\r\n                    </button>\r\n                </div>\r\n        </div>\r\n    {{/if}}\r\n\r\n    <div class=\"alertBox productAttributes-message\" style=\"display:none\">\r\n        <div class=\"alertBox-column alertBox-icon\">\r\n            <icon glyph=\"ic-success\" class=\"icon\" aria-hidden=\"true\"><svg xmlns=\"http://www.w3.org/2000/svg\" width=\"24\" height=\"24\" viewBox=\"0 0 24 24\"><path d=\"M12 2C6.48 2 2 6.48 2 12s4.48 10 10 10 10-4.48 10-10S17.52 2 12 2zm1 15h-2v-2h2v2zm0-4h-2V7h2v6z\"></path></svg></icon>\r\n        </div>\r\n        <p class=\"alertBox-column alertBox-message\"></p>\r\n    </div>\r\n    {{#or customer (if theme_settings.restrict_to_login '!==' true)}}\r\n        <div class=\"form-action\">\r\n            <input\r\n                    id=\"form-action-addToCart\"\r\n                    data-wait-message=\"{{lang 'products.adding_to_cart'}}\"\r\n                    class=\"button button--primary ob-btn ob-btn-blue\"\r\n                    type=\"submit\"\r\n                    value=\"{{#if product.pre_order}}{{lang 'products.pre_order'}}{{else}}{{lang 'products.add_to_cart'}}{{/if}}\"\r\n            >\r\n            <span class=\"product-status-message aria-description--hidden\">{{lang 'products.adding_to_cart'}} {{lang 'category.add_cart_announcement'}}</span>\r\n        </div>\r\n    {{/or}}\r\n</div>\r\n",
  "components/common/modal/modal-close-btn": "<button class=\"modal-close\"\r\n        type=\"button\"\r\n        title=\"{{lang 'common.close'}}\"\r\n        {{additional_attr}}\r\n>\r\n    <span class=\"aria-description--hidden\">{{lang 'common.close'}}</span>\r\n    <span aria-hidden=\"true\">&#215;</span>\r\n</button>\r\n",
  "components/products/options/date": "<div class=\"form-field\" data-product-attribute=\"date\">\r\n    <label class=\"form-label form-label--alternate form-label--inlineSmall\" {{#if style}}style=\"{{style}}\" {{/if}}>\r\n        {{this.display_name}}:\r\n\r\n        {{> components/common/requireness-msg}}\r\n    </label>\r\n    <select class=\"form-select form-select--date\" name=\"attribute[{{this.id}}][month]\" {{#if required}}required{{/if}}>\r\n        <option value=\"\">{{lang 'common.month'}}</option>\r\n        {{#for 1 12}}\r\n            <option value=\"{{$index}}\" {{#if ../selected_date.month '==' $index}}selected=\"selected\"{{/if}}>\r\n                {{lang (concat 'common.short_months.' $index)}}\r\n            </option>\r\n        {{/for}}\r\n    </select>\r\n    <select class=\"form-select form-select--date\" name=\"attribute[{{this.id}}][day]\" {{#if required}}required{{/if}}>\r\n        <option value=\"\">{{lang 'common.day'}}</option>\r\n        {{#for 1 31}}\r\n            <option value=\"{{$index}}\" {{#if ../selected_date.day '==' $index}}selected=\"selected\"{{/if}}>\r\n                {{$index}}\r\n            </option>\r\n        {{/for}}\r\n    </select>\r\n    <select class=\"form-select form-select--date\" name=\"attribute[{{this.id}}][year]\" {{#if required}}required{{/if}}>\r\n        <option value=\"\">{{lang 'common.year'}}</option>\r\n        {{#for earliest_year latest_year}}\r\n            <option value=\"{{$index}}\" {{#if ../selected_date.year '==' $index}}selected=\"selected\"{{/if}}>\r\n                {{$index}}\r\n            </option>\r\n        {{/for}}\r\n        {{#if earliest_year '==' latest_year}}\r\n        <option value=\"{{earliest_year}}\" selected=\"selected\">{{earliest_year}}</option>\r\n        {{/if}}\r\n    </select>\r\n</div>\r\n",
  "components/products/options/input-checkbox": "<div class=\"form-field\" data-product-attribute=\"input-checkbox\">\r\n    <label class=\"form-label form-label--alternate form-label--inlineSmall\">\r\n        {{display_name}}:\r\n\r\n        {{> components/common/requireness-msg}}\r\n    </label>\r\n    <input type=\"hidden\" name=\"attribute[{{id}}]\" value=\"{{noValue}}\" />\r\n    <div class=\"form-option-wrapper\">\r\n        <input\r\n            class=\"form-checkbox\"\r\n            type=\"checkbox\"\r\n            name=\"attribute[{{id}}]\"\r\n            id=\"attribute-check-{{id}}\"\r\n            value=\"{{value}}\"\r\n            {{#if checked}}\r\n                checked\r\n                data-default\r\n            {{/if}}\r\n            {{#if required}}required{{/if}}>\r\n\r\n        <label class=\"form-label {{class}}\" for=\"attribute-check-{{id}}\">{{label}}</label>\r\n    </div>\r\n</div>\r\n",
  "components/products/modals/writeReview": "<div id=\"modal-review-form\" class=\"modal\" data-reveal>\r\n    {{inject 'reviewRating' (lang 'forms.validate.reviews.rating')}}\r\n    {{inject 'reviewSubject' (lang 'forms.validate.reviews.title')}}\r\n    {{inject 'reviewComment' (lang 'forms.validate.reviews.comment')}}\r\n    {{inject 'reviewEmail' (lang 'forms.validate.common.email_address')}}\r\n    <div class=\"modal-header\">\r\n        <h2 class=\"modal-header-title\">{{lang 'products.reviews.write_a_review'}}</h2>\r\n        {{> components/common/modal/modal-close-btn}}\r\n    </div>\r\n    <div class=\"modal-body\">\r\n        <div class=\"writeReview-productDetails\">\r\n            <div class=\"writeReview-productImage-container\">\r\n                {{> components/common/responsive-img\r\n                    image=product.main_image\r\n                    fallback_size=theme_settings.product_size\r\n                    lazyload=theme_settings.lazyload_mode\r\n                    default_image=theme_settings.default_image_product\r\n                }}\r\n            </div>\r\n            <h6 class=\"product-brand\">{{ product.brand.name }}</h6>\r\n            <h5 class=\"product-title\">{{ product.title }}</h5>\r\n        </div>\r\n        <form class=\"form writeReview-form\" action=\"{{ urls.product.post_review }}\" method=\"post\">\r\n            <fieldset class=\"form-fieldset\">\r\n                <div class=\"form-field\">\r\n                    <label class=\"form-label\" for=\"rating-rate\">{{lang 'products.reviews.rating_label'}}\r\n                        <small>{{lang 'common.required' }}</small>\r\n                    </label>\r\n                    <!-- Stars -->\r\n                    <!-- TODO: Review Stars need to be componentised, both for display and input -->\r\n                    <select id=\"rating-rate\" class=\"form-select\" name=\"revrating\" data-input aria-required=\"true\">\r\n                        <option value=\"\">{{lang 'products.reviews.select_rating'}}</option>\r\n                        {{#for 1 5}}\r\n                            {{#if ../product.reviews.selected_rating '===' $index}}\r\n                                <option selected value=\"{{$index}}\">{{lang (concat 'products.reviews.rating.' $index) }}</option>\r\n                            {{else}}\r\n                                <option value=\"{{$index}}\">{{lang (concat 'products.reviews.rating.' $index) }}</option>\r\n                            {{/if}}\r\n                        {{/for}}\r\n                    </select>\r\n                </div>\r\n\r\n                <!-- Name -->\r\n                {{#if product.reviews.author}}\r\n                    {{> components/common/forms/text id=\"revfromname\" name=\"revfromname\" required=\"true\" label=(lang 'products.reviews.form_write.name') value=product.reviews.author}}\r\n                {{else}}\r\n                    {{> components/common/forms/text id=\"revfromname\" name=\"revfromname\" required=\"true\" label=(lang 'products.reviews.form_write.name') value=customer.name}}\r\n                {{/if}}\r\n\r\n                {{#if product.reviews.show_review_email}}\r\n                    <!-- Email -->\r\n                    {{#if product.reviews.email}}\r\n                        {{> components/common/forms/text id=\"email\" name=\"email\" required=\"true\" label=(lang 'products.reviews.form_write.email') value=product.reviews.email}}\r\n                    {{else}}\r\n                        {{> components/common/forms/text id=\"email\" name=\"email\" required=\"true\" label=(lang 'products.reviews.form_write.email') value=customer.email}}\r\n                    {{/if}}\r\n                {{/if}}\r\n\r\n                <!-- Review Subject -->\r\n                {{> components/common/forms/text id=\"revtitle\" name=\"revtitle\" required=\"true\" label=(lang 'products.reviews.form_write.subject') value=product.reviews.title}}\r\n\r\n                <!-- Comments -->\r\n                {{> components/common/forms/multiline id=\"revtext\" name=\"revtext\" required=\"true\" label=(lang 'products.reviews.form_write.comments') value=product.reviews.text}}\r\n\r\n                {{{product.reviews.recaptcha.markup}}}\r\n\r\n                <div class=\"form-field\">\r\n                    <input type=\"submit\" class=\"button button--primary\"\r\n                           value=\"{{lang 'products.reviews.form_write.submit_value' }}\">\r\n                </div>\r\n                <input type=\"hidden\" name=\"product_id\" value=\"{{ product.id }}\">\r\n                <input type=\"hidden\" name=\"action\" value=\"post_review\">\r\n                {{#if product.reviews.throttleToken}}<input type=\"hidden\" name=\"throttleToken\" value=\"{{product.reviews.throttleToken}}\">{{/if}}\r\n            </fieldset>\r\n        </form>\r\n    </div>\r\n</div>\r\n",
  "components/products/options/input-numbers": "<div class=\"form-field\" data-product-attribute=\"input-number\">\r\n    <label class=\"form-label form-label--alternate form-label--inlineSmall\" for=\"attribute_number_{{id}}\">\r\n        {{ this.display_name }}:\r\n\r\n        {{> components/common/requireness-msg}}\r\n    </label>\r\n\r\n    <input class=\"form-input\" type=\"number\" id=\"attribute_number_{{id}}\" {{#unless this.integer_only}}step=\"any\"{{/unless}} name=\"attribute[{{this.id}}]\" value=\"{{this.prefill}}\" {{#if required}}required{{/if}}>\r\n</div>\r\n",
  "components/products/options/input-file": "<div class=\"form-field\" data-product-attribute=\"input-file\">\r\n    <label class=\"form-label form-label--alternate form-label--inlineSmall\" for=\"attribute_file_{{id}}\">\r\n        {{ this.display_name }}:\r\n\r\n        {{> components/common/requireness-msg}}\r\n    </label>\r\n\r\n    <input class=\"form-file\" type=\"file\" id=\"attribute_file_{{id}}\" name=\"attribute[{{this.id}}]\" {{#if required}}required{{/if}}>\r\n    {{#if original_name}}\r\n        {{{lang 'products.file_option_set' url=file_url name=original_name}}}\r\n        <label>{{lang 'cart.remove_file'}}<input type=\"checkbox\" name=\"{{file_remove}}\"></label>\r\n    {{/if}}\r\n    <p class=\"form-fileDescription\">\r\n        {{#if file_size}}\r\n            {{lang 'products.max_filesize'}}\r\n            <strong>{{file_size}}{{lang 'products.kilobytes_abbreviation'}}</strong>,\r\n        {{/if}}\r\n        {{#if file_types}}\r\n            {{lang 'products.filetypes'}} <strong>{{file_types}}</strong>\r\n        {{/if}}\r\n    </p>\r\n\r\n</div>\r\n",
  "components/products/options/product-list": "<div class=\"form-field\" data-product-attribute=\"product-list\" role=\"radiogroup\" aria-labelledby=\"product-list-label\">\r\n    <label class=\"form-label form-label--alternate form-label--inlineSmall\" id=\"product-list-label\">\r\n        {{display_name}}:\r\n        <span data-option-value></span>\r\n\r\n        {{> components/common/requireness-msg}}\r\n    </label>\r\n\r\n    {{#if values.0.image}}\r\n        <ul class=\"productOptions-list\">\r\n            {{#unless required}}\r\n                <li class=\"productOptions-list-item\">\r\n                    <input class=\"form-radio\"\r\n                           type=\"radio\"\r\n                           name=\"attribute[{{id}}]\"\r\n                           value=\"\"\r\n                           id=\"attribute_productlist_{{id}}_none\"\r\n                           checked=\"{{#if defaultValue '==' ''}}checked{{/if}}\">\r\n                    <label class=\"form-label\" for=\"attribute_productlist_{{id}}_none\">{{lang 'products.none'}}</label>\r\n                </li>\r\n            {{/unless}}\r\n            {{#each values}}\r\n                <li class=\"productOptions-list-item\" data-product-attribute-value=\"{{id}}\">\r\n                    {{#if image}}\r\n                        <figure class=\"productOptions-list-item-figure\">\r\n                            {{> components/common/responsive-img\r\n                                image=image\r\n                                class=\"productOptions-list-item-image\"\r\n                                lazyload='lazyload+lqip'\r\n                            }}\r\n                        </figure>\r\n                    {{/if}}\r\n                    <div class=\"productOptions-list-item-content\">\r\n                        <input\r\n                            class=\"form-radio\"\r\n                            type=\"radio\"\r\n                            name=\"attribute[{{../id}}]\"\r\n                            value=\"{{id}}\"\r\n                            id=\"attribute_productlist_{{../id}}_{{id}}\"\r\n                            {{#if selected}}\r\n                                checked\r\n                                data-default\r\n                            {{/if}}\r\n                            {{#if ../required}}required{{/if}}>\r\n                        <label data-product-attribute-value=\"{{id}}\" class=\"form-label\" for=\"attribute_productlist_{{../id}}_{{id}}\">{{label}}</label>\r\n                    </div>\r\n                </li>\r\n            {{/each}}\r\n        </ul>\r\n    {{else}}\r\n        {{#unless required}}\r\n        <input class=\"form-radio\"\r\n               type=\"radio\"\r\n               name=\"attribute[{{id}}]\"\r\n               value=\"0\"\r\n               id=\"attribute_productlist_0_{{id}}\"\r\n               {{#if defaultValue '==' 0}}checked{{/if}}>\r\n        <label class=\"form-label\" for=\"attribute_productlist_0_{{id}}\">{{lang 'products.none'}}</label>\r\n        {{/unless}}\r\n        {{#each values}}\r\n            <input\r\n                class=\"form-radio\"\r\n                type=\"radio\"\r\n                name=\"attribute[{{../id}}]\"\r\n                value=\"{{id}}\"\r\n                id=\"attribute_productlist_{{../id}}_{{id}}\"\r\n                {{#if selected}}checked{{/if}}\r\n                {{#if ../required}}required{{/if}}>\r\n            <label data-product-attribute-value=\"{{id}}\" class=\"form-label\" for=\"attribute_productlist_{{../id}}_{{id}}\">{{label}}</label>\r\n        {{/each}}\r\n    {{/if}}\r\n</div>\r\n",
  "components/products/options/input-text": "<div class=\"form-field\" data-product-attribute=\"input-text\">\r\n    <label class=\"form-label form-label--alternate form-label--inlineSmall\" for=\"attribute_text_{{id}}\">\r\n        {{ this.display_name }}:\r\n\r\n        {{> components/common/requireness-msg}}\r\n    </label>\r\n\r\n    <input class=\"form-input form-input--small\" type=\"text\" id=\"attribute_text_{{id}}\" name=\"attribute[{{this.id}}]\" value=\"{{this.prefill}}\" {{#if required}}required{{/if}} {{#if max_length}}maxlength=\"{{max_length}}\"{{/if}}>\r\n</div>\r\n",
  "components/products/options/set-radio": "<div class=\"form-field\" data-product-attribute=\"set-radio\" role=\"radiogroup\" aria-labelledby=\"radio-group-label\">\r\n    <label class=\"form-label form-label--alternate form-label--inlineSmall\" id=\"radio-group-label\">\r\n        {{ this.display_name }}:\r\n\r\n        {{> components/common/requireness-msg}}\r\n    </label>\r\n\r\n    {{#unless required}}\r\n        <input\r\n            class=\"form-radio\"\r\n            type=\"radio\"\r\n            id=\"attribute_radio_{{../id}}_none\"\r\n            name=\"attribute[{{../id}}]\"\r\n            value=\"\"\r\n            checked=\"{{#if defaultValue '==' ''}}checked{{/if}}\"\r\n        >\r\n        <label class=\"form-label\" for=\"attribute_radio_{{../id}}_none\">{{lang 'products.none'}}</label>\r\n    {{/unless}}\r\n\r\n    {{#each this.values}}\r\n        <input\r\n            class=\"form-radio\"\r\n            type=\"radio\"\r\n            id=\"attribute_radio_{{../id}}_{{id}}\"\r\n            name=\"attribute[{{../id}}]\"\r\n            value=\"{{id}}\"\r\n            {{#if selected}}\r\n                checked\r\n                data-default\r\n            {{/if}}\r\n            {{#if ../required}}required{{/if}}>\r\n        <label data-product-attribute-value=\"{{id}}\" class=\"form-label\" for=\"attribute_radio_{{../id}}_{{id}}\">{{this.label}}</label>\r\n    {{/each}}\r\n</div>\r\n",
  "components/products/options/set-rectangle": "<div class=\"form-field\" data-product-attribute=\"set-rectangle\" role=\"radiogroup\" aria-labelledby=\"rectangle-group-label\">\r\n    <label class=\"form-label form-label--alternate form-label--inlineSmall\" id=\"rectangle-group-label\">\r\n        {{this.display_name}}:\r\n        <span data-option-value></span>\r\n\r\n        {{> components/common/requireness-msg}}\r\n    </label>\r\n\r\n    {{#unless required}}\r\n        <input\r\n            class=\"form-radio\"\r\n            type=\"radio\"\r\n            id=\"attribute_rectangle__{{../id}}_none\"\r\n            name=\"attribute[{{../id}}]\"\r\n            value=\"\"\r\n            checked=\"{{#if defaultValue '==' ''}}checked{{/if}}\"\r\n        >\r\n        <label class=\"form-option\" for=\"attribute_rectangle__{{../id}}_none\">\r\n            <span class=\"form-option-variant\">{{lang 'products.none'}}</span>\r\n        </label>\r\n    {{/unless}}\r\n\r\n    {{#each this.values}}\r\n    <div class=\"form-option-wrapper\">    \r\n        <input\r\n            class=\"form-radio\"\r\n            type=\"radio\"\r\n            id=\"attribute_rectangle__{{../id}}_{{id}}\"\r\n            name=\"attribute[{{../id}}]\"\r\n            value=\"{{id}}\"\r\n            {{#if selected}}\r\n                checked\r\n                data-default\r\n            {{/if}}\r\n            {{#if ../required}}required{{/if}}\r\n        >\r\n        <label class=\"form-option\" for=\"attribute_rectangle__{{../id}}_{{id}}\" data-product-attribute-value=\"{{id}}\">\r\n            <span class=\"form-option-variant\">{{this.label}}</span>\r\n        </label>\r\n    </div>\r\n    {{/each}}\r\n</div>\r\n",
  "components/products/options/set-select": "<div class=\"form-field\" data-product-attribute=\"set-select\">\r\n    <label class=\"form-label form-label--alternate form-label--inlineSmall\" for=\"attribute_select_{{id}}\">\r\n        {{ this.display_name }}:\r\n\r\n        {{> components/common/requireness-msg}}\r\n    </label>\r\n\r\n    <select class=\"form-select form-select--small\" name=\"attribute[{{this.id}}]\" id=\"attribute_select_{{id}}\" {{#if required}}required{{/if}}>\r\n        <option value=\"\">{{lang 'products.choose_options'}}</option>\r\n        {{#each this.values}}\r\n            <option data-product-attribute-value=\"{{id}}\" value=\"{{id}}\" {{#if selected}}selected data-default{{/if}}>{{label}}</option>\r\n        {{/each}}\r\n    </select>\r\n</div>\r\n",
  "components/products/options/swatch": "<div class=\"form-field\" data-product-attribute=\"swatch\" role=\"radiogroup\" aria-labelledby=\"swatchGroup\">\r\n    <label class=\"form-label form-label--alternate form-label--inlineSmall\" id=\"swatchGroup\">\r\n        {{this.display_name}}:\r\n        <span data-option-value></span>\r\n\r\n        {{> components/common/requireness-msg}}\r\n    </label>\r\n\r\n    {{#unless required}}\r\n        <input\r\n            class=\"form-radio\"\r\n            type=\"radio\"\r\n            name=\"attribute[{{../id}}]\"\r\n            value=\"\"\r\n            id=\"attribute_swatch_{{../id}}_none\"\r\n            checked=\"{{#if defaultValue '==' ''}}checked{{/if}}\"\r\n            aria-label=\"{{lang 'products.none'}}\"\r\n        >\r\n        <label class=\"form-option form-option-swatch\" for=\"attribute_swatch_{{../id}}_none\">\r\n            <span class='form-option-variant form-option-variant--none' title=\"{{lang 'products.none'}}\">{{lang 'products.none'}}</span>\r\n        </label>\r\n    {{/unless}}\r\n\r\n    {{#each this.values}}\r\n    <div class=\"form-option-wrapper\">\r\n        <input class=\"form-radio\"\r\n               type=\"radio\"\r\n               name=\"attribute[{{../id}}]\"\r\n               value=\"{{id}}\"\r\n               id=\"attribute_swatch_{{../id}}_{{id}}\"\r\n               {{#if selected}}checked data-default{{/if}}\r\n               {{#if ../required}}required{{/if}}\r\n               aria-label=\"{{this.label}}\"\r\n        >\r\n        <label class=\"form-option form-option-swatch\" for=\"attribute_swatch_{{../id}}_{{id}}\" data-product-attribute-value=\"{{id}}\">\r\n            {{#if image}}\r\n                <span class='form-option-variant form-option-variant--pattern' title=\"{{this.label}}\" style=\"background-image: url('{{getImage image \"swatch_option_size\"}}');\"></span>\r\n            {{/if}}\r\n            {{#if data.[2]}}\r\n                <span class='form-option-variant form-option-variant--color' title=\"{{this.label}}\" style=\"background-color: #{{data.[0]}}\"></span>\r\n                <span class='form-option-variant form-option-variant--color' title=\"{{this.label}}\" style=\"background-color: #{{data.[1]}}\"></span>\r\n                <span class='form-option-variant form-option-variant--color' title=\"{{this.label}}\" style=\"background-color: #{{data.[2]}}\"></span>\r\n            {{else}}\r\n                {{#if data.[1]}}\r\n                    <span class='form-option-variant form-option-variant--color' title=\"{{this.label}}\" style=\"background-color: #{{data.[0]}}\"></span>\r\n                    <span class='form-option-variant form-option-variant--color' title=\"{{this.label}}\" style=\"background-color: #{{data.[1]}}\"></span>\r\n                {{else}}\r\n                    {{#if data.[0]}}\r\n                        <span class='form-option-variant form-option-variant--color' title=\"{{this.label}}\" style=\"background-color: #{{data.[0]}}\"></span>\r\n                    {{/if}}\r\n                {{/if}}\r\n            {{/if}}\r\n            {{#if pattern}}\r\n                <span class=\"form-option-expanded\">\r\n                    <span class=\"form-option-image\" style=\"background-image: url('{{getImage image 'core-swatch'}}');\"></span>\r\n                </span>\r\n            {{/if}}\r\n        </label>\r\n    </div>\r\n    {{/each}}\r\n</div>\r\n",
  "components/products/options/textarea": "<div class=\"form-field\" data-product-attribute=\"textarea\">\r\n    <label class=\"form-label form-label--alternate form-label--inlineSmall\" for=\"attribute_textarea_{{id}}\">\r\n        {{display_name}}:\r\n\r\n        {{> components/common/requireness-msg}}\r\n    </label>\r\n\r\n    <textarea class=\"form-input\" id=\"attribute_textarea_{{id}}\" name=\"attribute[{{id}}]\" {{#if required}}required{{/if}} {{#if max_length}}maxlength={{max_length}}{{/if}}>{{prefill}}</textarea>\r\n</div>\r\n",
  "components/common/forms/text": "<div class=\"form-field\" id=\"{{id}}\" data-validation=\"{{validation}}\" {{#if private_id}}data-type=\"{{private_id}}\"{{/if}}>\r\n    <label class=\"form-label\" for=\"{{id}}_input\">{{label}}\r\n        {{#if required}}<small>{{lang 'common.required' }}</small>{{/if}}\r\n    </label>\r\n    <input type=\"text\"\r\n           name=\"{{name}}\"\r\n           id=\"{{id}}_input\"\r\n           class=\"form-input\"\r\n           data-label=\"{{label}}\"\r\n           data-input\r\n           aria-required=\"{{required}}\"\r\n           {{#if value}} value=\"{{value}}\"{{/if}}\r\n           {{#if maxlength}}maxlength=\"{{maxlength}}\"{{/if}}\r\n           {{#if placeholder}} placeholder=\"{{placeholder}}\"{{/if}}\r\n           {{#if private_id}}data-field-type=\"{{private_id}}\"{{/if}}\r\n    >\r\n</div>\r\n",
  "components/common/forms/multiline": "<div class=\"form-field\" id=\"{{id}}\" data-validation=\"{{validation}}\">\r\n    <label class=\"form-label\" for=\"{{id}}_input\">{{label}}\r\n        {{#if required}}\r\n            <small>{{lang 'common.required' }}</small>\r\n        {{/if}}\r\n    </label>\r\n    <textarea name=\"{{name}}\"\r\n              id=\"{{id}}_input\"\r\n              data-label=\"{{label}}\"\r\n              rows=\"{{rows}}\"\r\n              aria-required=\"{{required}}\"\r\n              data-input\r\n              class=\"form-input\"\r\n              {{#if private_id}}data-field-type=\"{{private_id}}\"{{/if}}\r\n    >\r\n        {{value}}\r\n    </textarea>\r\n</div>\r\n",
  "components/common/requireness-msg": "<small>\r\n    {{#if required}}{{lang 'common.required'}}{{else}}{{lang 'common.optional'}}{{/if}}\r\n</small>\r\n"
}