{
  "components/products/new": "<h2 class=\"page-heading\">{{lang 'products.new' }}</h2>\r\n{{#if settings.data_tag_enabled}}\r\n    {{> components/products/carousel products=products list=\"New Products\"}}\r\n{{else}}\r\n    {{> components/products/carousel products=products}}\r\n{{/if}}\r\n",
  "components/products/carousel": "<section class=\"productCarousel\"\r\n    data-list-name=\"{{list}}\"\r\n    data-slick='{\r\n        \"dots\": false,\r\n        \"infinite\": false,\r\n        \"mobileFirst\": true,\r\n        \"slidesToShow\": 1,\r\n        \"slidesToScroll\": 1,\r\n        \"slide\": \".js-product-slide\",\r\n        \"prevArrow\": \"{{#if customArrowClass}}.{{customArrowClass}}{{/if}}.js-product-prev-arrow\",\r\n        \"nextArrow\": \"{{#if customArrowClass}}.{{customArrowClass}}{{/if}}.js-product-next-arrow\",\r\n        \"responsive\": [\r\n            {\r\n                \"breakpoint\": 800,\r\n                \"settings\": {\r\n                    \"slidesToShow\": {{ columns }},\r\n                    \"slidesToScroll\": {{ columns }}\r\n                }\r\n            },\r\n            {\r\n                \"breakpoint\": 550,\r\n                \"settings\": {\r\n                    \"slidesToShow\": 3,\r\n                    \"slidesToScroll\": 3\r\n                }\r\n            }\r\n        ]\r\n    }'\r\n    data-dots-labels='{\r\n        \"dotAriaLabel\": \"{{lang 'carousel.dotAriaLabel'}}\",\r\n        \"activeDotAriaLabel\": \"{{lang 'carousel.activeDotAriaLabel'}}\"\r\n    }'>\r\n    {{#if products.length '>' 1}}\r\n    <button aria-label=\"{{lang 'carousel.arrowAriaLabel'}} {{products.length}}\" class=\"{{#if customArrowClass}}{{customArrowClass}} {{/if}}js-product-prev-arrow slick-prev slick-arrow\"></button>\r\n    {{/if}}\r\n    {{#each products}}\r\n    <div class=\"productCarousel-slide js-product-slide\">\r\n        {{> components/products/card settings=../settings theme_settings=../theme_settings customer=../customer event=\"list\" position=(add @index 1)}}\r\n    </div>\r\n    {{/each}}\r\n    {{#if products.length '>' 1}}\r\n    <button aria-label=\"{{lang 'carousel.arrowAriaLabel'}} {{products.length}}\" class=\"{{#if customArrowClass}}{{customArrowClass}} {{/if}}js-product-next-arrow slick-next slick-arrow\"></button>\r\n    {{/if}}\r\n</section>\r\n",
  "components/products/card": "<article class=\"card {{#if alternate}}card--alternate{{/if}}\" {{#if settings.data_tag_enabled}} data-event-type=\"{{event}}\" data-entity-id=\"{{id}}\" data-position=\"{{position}}\" data-name=\"{{name}}\" data-product-category=\"{{#each category}}{{#if @last}}{{this}}{{else}}{{this}}, {{/if}}{{/each}}\" data-product-brand=\"{{brand.name}}\" data-product-price=\"{{#if price.with_tax}}{{price.with_tax.value}}{{else}}{{price.without_tax.value}}{{/if}}\"  {{/if}}>\r\n    <figure class=\"card-figure\">\r\n        {{#or price.sale_price_with_tax.value price.sale_price_without_tax.value}}\r\n            {{#if theme_settings.product_sale_badges '===' 'sash'}}\r\n                <div class=\"sale-flag-sash\">\r\n                    <span class=\"sale-text\">{{{theme_settings.pdp_sale_badge_label}}}</span>\r\n                </div>\r\n            {{else if theme_settings.product_sale_badges '===' 'topleft'}}\r\n                <div class=\"sale-flag-side\">\r\n                    <span class=\"sale-text\">{{{theme_settings.pdp_sale_badge_label}}}</span>\r\n                </div>\r\n            {{else if theme_settings.product_sale_badges '===' 'burst'}}\r\n                <div class=\"starwrap\">\r\n                    <div class=\"sale-text-burst\">{{{theme_settings.pdp_sale_badge_label}}}</div>\r\n                    <div class=\"sale-flag-star\"></div>\r\n                </div>\r\n            {{/if}}\r\n        {{/or}}\r\n        <a href=\"{{url}}\" \r\n           class=\"card-figure__link\"\r\n           aria-label=\"{{name}},{{> components/products/product-aria-label}}\"\r\n           {{#if settings.data_tag_enabled}} data-event-type=\"product-click\" {{/if}}\r\n        >\r\n            {{#each custom_fields}}\r\n                {{#if name '===' 'Gluten Free'}}\r\n                    {{#if value '===' 'Yes'}}\r\n                    <div class=\"sale-flag-side sale-flag-side--custom\" style=\"background-color:#c0ca7f; color:#67803b; text-transform:uppercase; font-weight:600;\">\r\n                        <span style=\"color:#67803b;\" class=\"sale-text\">Gluten Free</span>\r\n                    </div>\r\n                    {{/if}}\r\n                {{/if}}\r\n                {{#if name '===' 'New'}}\r\n                    {{#if value '===' 'Yes'}}\r\n                    <div class=\"sale-flag-side sale-flag-side--custom\" style=\"background-color:#67803b; color:#c0ca7f; text-transform:uppercase; font-weight:600; \">\r\n                        <span style=\"color:#c0ca7f;\" class=\"sale-text\">New Item</span>\r\n                    </div>\r\n                    {{/if}}    \r\n                {{/if}}\r\n                {{#if name '===' 'Low Carb'}}\r\n                    {{#if value '===' 'No'}}\r\n                    <div class=\"sale-flag-side sale-flag-side--custom\" style=\"background-color:#f0e4b2; color:#67803b; text-transform:uppercase; font-weight:600; \">\r\n                        <span style=\"color:#67803b;\" class=\"sale-text\">Low Glycemic Carb</span>\r\n                    </div>\r\n                    {{/if}}\r\n                {{/if}}\r\n                {{#if name '===' 'Low Carb'}}\r\n                    {{#if value '===' 'Yes'}}\r\n                    <div class=\"sale-flag-side sale-flag-side--custom\" style=\"background-color:#ffbf3c; text-transform:uppercase; font-weight:600; \">\r\n                        <span style=\"color:#ffffff;\" class=\"sale-text\">Low Carb</span>\r\n                    </div>\r\n                    {{/if}} \r\n                {{/if}}\r\n                {{#if name '===' '__badge'}}\r\n                    <div class=\"sale-flag-side sale-flag-side--custom\">\r\n                        <span class=\"sale-text\">{{{value}}}</span>\r\n                    </div>\r\n                {{/if}}\r\n            {{/each}}\r\n\r\n            <div class=\"card-img-container\">\r\n                {{> components/common/responsive-img\r\n                    image=image\r\n                    class=\"card-image\"\r\n                    fallback_size=theme_settings.productgallery_size\r\n                    lazyload=theme_settings.lazyload_mode\r\n                    default_image=theme_settings.default_image_product\r\n                }}\r\n            </div>\r\n        </a>\r\n\r\n        <figcaption class=\"card-figcaption\">\r\n            <div class=\"card-figcaption-body\">\r\n                {{#unless hide_product_quick_view}}\r\n                    {{#if theme_settings.show_product_quick_view}}\r\n                        {{#if settings.data_tag_enabled}}\r\n                            <button class=\"button button--small card-figcaption-button quickview\" data-event-type=\"product-click\" data-product-id=\"{{id}}\">{{lang 'products.quick_view'}}</button>\r\n                        {{else}}\r\n                            <button class=\"button button--small card-figcaption-button quickview\" data-product-id=\"{{id}}\">{{lang 'products.quick_view'}}</button>\r\n                        {{/if}}\r\n                    {{/if}}\r\n                {{/unless}}\r\n            </div>\r\n        </figcaption>\r\n    </figure>\r\n    <div class=\"card-body\">\r\n        {{#or customer (if theme_settings.restrict_to_login '!==' true)}}\r\n            {{#if show_cart_action}}\r\n                {{#if has_options}}\r\n                    <a href=\"{{url}}\" data-event-type=\"product-click\" class=\"button button--small card-figcaption-button ob-btn ob-btn-light-green ob-btn-inline\" data-product-id=\"{{id}}\">{{lang 'products.choose_options'}}</a>\r\n                {{/if}}\r\n                {{#if pre_order}}\r\n                    <a href=\"{{pre_order_add_to_cart_url}}\" data-event-type=\"product-click\" class=\"button button--small card-figcaption-button ob-btn ob-btn-light-green ob-btn-inline\">{{lang 'products.pre_order'}}</a>\r\n                {{/if}}\r\n                {{#if add_to_cart_url }}\r\n                    <a href=\"{{add_to_cart_url}}\" data-event-type=\"product-click\" data-button-type=\"add-cart\" class=\"button button--small card-figcaption-button ob-btn ob-btn-light-green ob-btn-inline\">{{lang 'products.add_to_cart'}}</a>\r\n                    <span class=\"product-status-message aria-description--hidden\">{{lang 'category.add_cart_announcement'}}</span>\r\n                {{/if}}\r\n                {{#if out_of_stock_message }}\r\n                    <a href=\"{{url}}\" data-event-type=\"product-click\" class=\"button button--small card-figcaption-button ob-btn ob-btn-light-green ob-btn-inline\" data-product-id=\"{{id}}\">{{out_of_stock_message}}</a>\r\n                {{/if}}\r\n            {{/if}}\r\n        {{/or}}\r\n        {{#and rating show_rating}}\r\n            <p class=\"card-text\" data-test-info-type=\"productRating\">\r\n                <span class=\"rating--small\">\r\n                    {{> components/products/ratings rating=rating}}\r\n                </span>\r\n            </p>\r\n        {{/and}}\r\n        {{#if brand.name}}\r\n            <p class=\"card-text\" data-test-info-type=\"brandName\">{{brand.name}}</p>\r\n        {{/if}}\r\n        <h3 class=\"card-title\">\r\n            <a aria-label=\"{{name}},{{> components/products/product-aria-label}}\"\r\n               href=\"{{url}}\" \r\n               {{#if settings.data_tag_enabled}} data-event-type=\"product-click\" {{/if}}>{{name}}</a>\r\n        </h3>\r\n\r\n        <div class=\"card-text\" data-test-info-type=\"price\">\r\n            {{#or customer (if theme_settings.restrict_to_login '!==' true)}}\r\n               {{#if customer.customer_group_name '===' \"Fit Club\"}}\r\n               <p class=\"reg-price\">{{customer.customer_group_name}} Discount Applied!</p>\r\n               <p class=\"fit-price\">${{toFixed (multiply price.without_tax.value 1.0) 2}} - You Save ${{toFixed (multiply price.without_tax.value 0.25) 2}}! </p>\r\n               {{else if customer.customer_group_name '===' \"BFF 50%\"}}\r\n               <p class=\"reg-price\">{{customer.customer_group_name}} Discount Applied!</p>\r\n               <p class=\"fit-price\">${{toFixed (multiply price.without_tax.value 1.0) 2}} - You Save ${{toFixed (multiply price.without_tax.value 1.0) 2}}! </p>\r\n               {{else if customer.customer_group_name '===' \"BFF 35%\"}}\r\n               <p class=\"reg-price\">{{customer.customer_group_name}} Discount Applied!</p>\r\n               <p class=\"fit-price\">${{toFixed (multiply price.without_tax.value 1.0) 2}} - You Save ${{toFixed (multiply price.without_tax.value 0.538462) 2}}! </p>\r\n               {{else if customer.customer_group_name '===' \"C&L 50%\"}}\r\n               <p class=\"reg-price\">{{customer.customer_group_name}} Discount Applied!</p>\r\n               <p class=\"fit-price\">${{toFixed (multiply price.without_tax.value 1.0) 2}} - You Save ${{toFixed (multiply price.without_tax.value 1.0) 2}}! </p>\r\n               {{else}}\r\n               <p class=\"reg-price\">Regular Price - ${{toFixed (multiply price.without_tax.value 1.0) 2}} </p>\r\n               <p class=\"fit-price\">Fit Club Price - ${{toFixed (multiply price.without_tax.value 0.8) 2}} </p>\r\n               {{/if}}\r\n            {{else}}\r\n                {{> components/common/login-for-pricing}}\r\n            {{/or}}\r\n        </div>\r\n        {{> components/products/bulk-discount-rates}}\r\n    </div>\r\n</article>\r\n",
  "components/products/product-aria-label": "{{#and price.price_range (if theme_settings.price_ranges '==' true)}}\r\n{{#and price.price_range.min.with_tax price.price_range.max.with_tax}}\r\n{{lang 'category.shop_by_price_range_aria' from=price.price_range.min.with_tax.formatted to=price.price_range.max.with_tax.formatted}}\r\n{{else}}\r\n{{lang 'category.shop_by_price_range_aria' from=price.price_range.min.without_tax.formatted to=price.price_range.max.without_tax.formatted}}\r\n{{/and}}\r\n{{else}}\r\n{{#if price.with_tax}}\r\n{{#if price.non_sale_price_with_tax}}\r\n{{theme_settings.pdp-non-sale-price-label}}{{price.non_sale_price_with_tax.formatted}},\r\n{{theme_settings.pdp-sale-price-label}}{{price.with_tax.formatted}}\r\n{{else}}\r\n{{price.with_tax.formatted}}                        \r\n{{/if}}\r\n{{else}}\r\n{{#if price.non_sale_price_without_tax}}\r\n{{theme_settings.pdp-non-sale-price-label}}{{price.non_sale_price_without_tax.formatted}},\r\n{{theme_settings.pdp-sale-price-label}}{{price.without_tax.formatted}}\r\n{{else}}\r\n{{price.without_tax.formatted}}\r\n{{/if}}\r\n{{/if}}\r\n{{/and}}\r\n",
  "components/common/responsive-img": "{{!--\r\nThis file implements the lazysizes srcset pattern (as seen on\r\nhttps://github.com/aFarkas/lazysizes#modern-transparent-srcset-pattern) for maximum performance on modern browsers\r\nand reasonable compatibility with legacy browsers.\r\n\r\nThere are a few important arguments to know about when using this component:\r\n`lazyload`:\r\n    - If set to 'lazyload+lqip', will load a low-res image which will be replaced by lazysizes - ensuring that SOME\r\n    content is shown immediately on page load. Without LQIP, a transparent gif will be used instead, which reduces\r\n    the number of requests needed to load the page, making it even faster.\r\n    - If set to 'lazyload', the browser will not load the full-size image at first, instead the lazysizes plugin will\r\n        load it progressively after page load. This improves the load speed of the page, but it should be disabled for\r\n        high-priority above-the-fold images.\r\n    - If set to 'disabled', will not attempt to lazyload the image and instead tell the browser to load it immediately.\r\n        Use this for high-priority images that are above the fold.\r\n\r\n`fallback_size`:\r\n    This is the size to use for this image in legacy browsers that do not support srcset.\r\n    Can be defined as a pixel bounding-box size (e.g. \"123x123) or inherent width (e.g. \"123w\").\r\n\r\n`class`:\r\n    The CSS classes to add to the image, e.g. \"card-image\". If lazyloading is enabled, all images will have the\r\n    \"lazyload\" class so that lazysizes will target them automatically.\r\n\r\n`otherAttributes`:\r\n    Any other HTML attributes you want on the img tag, for example \"height='100' width='100'\"\r\n\r\n`default_image`:\r\n    The default image to use if `image` is undefined or falsy. Should be a theme asset, usually defined as a relative\r\n    path in the theme config. If a default image is not provided, you'll get an image tag with no image if the primary\r\n    image is undefined.\r\n\r\n`lqip_size`:\r\n    If you want to specify a particular size for the LQIP image, you can do so with this argument. A default of 80\r\n    pixels wide will be used otherwise. This argument has no effect if the lazyload mode is not \"lazyload+lqip\".\r\n\r\n--}}\r\n<img {{#if image}}{{!-- Get the default image for legacy browsers that do not support srcset\r\n--}}src=\"{{getImageSrcset image 1x=(default fallback_size '160w')}}\" alt=\"{{image.alt}}\" title=\"{{image.alt}}\" {{!--\r\n  Allow lazysizes to generate the 'sizes' attribute automatically --}}data-sizes=\"auto\"\r\n  {{#unless lazyload '==' 'disabled'}}\r\n    {{#if lazyload '==' 'lazyload+lqip'}}\r\n    {{!-- If we want a LQIP, include it as the default srcset (will be overwritten by lazysizes) --}}\r\n    srcset=\"{{getImageSrcset image 1x=(default lqip_size '80w')}}\"\r\n    {{else}}\r\n      {{!-- If we don't want a LQIP, use a 1px transparent gif for the stand-in image\r\n            This requires no additional network request, so it's fast --}}\r\n    srcset=\"data:image/gif;base64,R0lGODlhAQABAIAAAP///wAAACH5BAEAAAAALAAAAAABAAEAAAICRAEAOw==\"\r\n    {{/if}}\r\n{{/unless}}\r\n{{!-- If lazyloading is disabled, just use \"srcset\". If it is not disabled, use \"data-srcset\" so lazysizes will use\r\n      this after page load --}}\r\n{{!--\r\nGenerate the srcset string using the default sizes defined in the helper. This will allow the browser to\r\npick the best-sized image based on its own understanding of how it will render the page.\r\n--}}\r\n{{#unless lazyload '==' 'disabled'}}data-{{/unless}}srcset=\"{{getImageSrcset image use_default_sizes=true }}\"\r\n{{else if default_image}}src=\"{{cdn default_image}}\"{{/if}}\r\nclass=\"{{#unless lazyload '==' 'disabled'}}lazyload{{/unless}}{{#if class}} {{class}}{{/if}}\"\r\n{{#if lazyload '==' 'lazyload'}}loading=\"lazy\"{{/if}}\r\n{{otherAttributes}} />\r\n",
  "components/products/ratings": "<span role=\"img\"\r\n      alt=\"{{lang 'products.reviews.rating_aria_label' current_rating=rating max_rating=5}}\"\r\n      title=\"{{lang 'products.reviews.rating_aria_label' current_rating=rating max_rating=5}}\"\r\n>\r\n    {{#for 1 5}}\r\n        {{#if ../this.rating '>=' $index}}\r\n            <span class=\"icon icon--ratingFull\">\r\n                <svg>\r\n                    <use xlink:href=\"#icon-star\" />\r\n                </svg>\r\n            </span>\r\n        {{else}}\r\n            <span class=\"icon icon--ratingEmpty\">\r\n                <svg>\r\n                    <use xlink:href=\"#icon-star\" />\r\n                </svg>\r\n            </span>\r\n        {{/if}}\r\n    {{/for}}\r\n</span>\r\n",
  "components/common/login-for-pricing": "<p translate>Log in for pricing</p>\n",
  "components/products/bulk-discount-rates": "{{#if bulk_discount_rates.length}}\r\n    {{#if product}}<dt class=\"productView-info-name\">{{lang 'products.bulk_pricing.title'}}</dt>{{/if}}\r\n    <dd class=\"productView-info-value\">\r\n        <a href=\"{{product.url}}#bulk_pricing\"\r\n           {{#unless is_ajax }}data-reveal-id=\"modal-bulk-pricing\"{{/unless}}>\r\n            {{lang 'products.bulk_pricing.view'}}\r\n        </a>\r\n    </dd>\r\n    <div id=\"modal-bulk-pricing\" class=\"modal modal--small\" data-reveal>\r\n        <div class=\"modal-header\">\r\n            <h2 class=\"modal-header-title\">{{lang 'products.bulk_pricing.modal_title'}}</h2>\r\n            {{> components/common/modal/modal-close-btn}}\r\n        </div>\r\n        <div class=\"modal-body\">\r\n            <p>{{lang 'products.bulk_pricing.instructions'}}</p>\r\n            <ul>\r\n                {{#each bulk_discount_rates}}\r\n                <li>\r\n                    {{lang 'products.bulk_pricing.range' min=min max=max}}\r\n                    {{#if type '===' 'percent'}}\r\n                    {{lang 'products.bulk_pricing.percent' discount=discount.formatted}}\r\n                    {{else if type '===' 'fixed'}}\r\n                    {{lang 'products.bulk_pricing.fixed' discount=discount.formatted}}\r\n                    {{else if type '===' 'price'}}\r\n                    {{lang 'products.bulk_pricing.price' discount=discount.formatted}}\r\n                    {{/if}}\r\n                </li>\r\n                {{/each}}\r\n            </ul>\r\n        </div>\r\n    </div>\r\n{{/if}}\r\n",
  "components/common/modal/modal-close-btn": "<button class=\"modal-close\"\r\n        type=\"button\"\r\n        title=\"{{lang 'common.close'}}\"\r\n        {{additional_attr}}\r\n>\r\n    <span class=\"aria-description--hidden\">{{lang 'common.close'}}</span>\r\n    <span aria-hidden=\"true\">&#215;</span>\r\n</button>\r\n"
}