{
  "components/products/new": "<h2 class=\"page-heading\">{{lang 'products.new' }}</h2>\n{{#if settings.data_tag_enabled}}\n    {{> components/products/carousel products=products list=\"New Products\"}}\n{{else}}\n    {{> components/products/carousel products=products}}\n{{/if}}\n",
  "components/products/carousel": "<section class=\"productCarousel\"\n    data-list-name=\"{{list}}\"\n    data-slick='{\n        \"dots\": false,\n        \"infinite\": false,\n        \"mobileFirst\": true,\n        \"slidesToShow\": 1,\n        \"slidesToScroll\": 1,\n        \"slide\": \".js-product-slide\",\n        \"prevArrow\": \"{{#if customArrowClass}}.{{customArrowClass}}{{/if}}.js-product-prev-arrow\",\n        \"nextArrow\": \"{{#if customArrowClass}}.{{customArrowClass}}{{/if}}.js-product-next-arrow\",\n        \"responsive\": [\n            {\n                \"breakpoint\": 800,\n                \"settings\": {\n                    \"slidesToShow\": {{ columns }},\n                    \"slidesToScroll\": {{ columns }}\n                }\n            },\n            {\n                \"breakpoint\": 550,\n                \"settings\": {\n                    \"slidesToShow\": 3,\n                    \"slidesToScroll\": 3\n                }\n            }\n        ]\n    }'\n    data-dots-labels='{\n        \"dotAriaLabel\": \"{{lang 'carousel.dotAriaLabel'}}\",\n        \"activeDotAriaLabel\": \"{{lang 'carousel.activeDotAriaLabel'}}\"\n    }'>\n    {{#if products.length '>' 1}}\n    <button aria-label=\"{{lang 'carousel.arrowAriaLabel'}} {{products.length}}\" class=\"{{#if customArrowClass}}{{customArrowClass}} {{/if}}js-product-prev-arrow slick-prev slick-arrow\"></button>\n    {{/if}}\n    {{#each products}}\n    <div class=\"productCarousel-slide js-product-slide\">\n        {{> components/products/card settings=../settings theme_settings=../theme_settings customer=../customer event=\"list\" position=(add @index 1)}}\n    </div>\n    {{/each}}\n    {{#if products.length '>' 1}}\n    <button aria-label=\"{{lang 'carousel.arrowAriaLabel'}} {{products.length}}\" class=\"{{#if customArrowClass}}{{customArrowClass}} {{/if}}js-product-next-arrow slick-next slick-arrow\"></button>\n    {{/if}}\n</section>\n",
  "components/products/card": "<article class=\"card {{#if alternate}}card--alternate{{/if}}\" {{#if settings.data_tag_enabled}} data-event-type=\"{{event}}\" data-entity-id=\"{{id}}\" data-position=\"{{position}}\" data-name=\"{{name}}\" data-product-category=\"{{#each category}}{{#if @last}}{{this}}{{else}}{{this}}, {{/if}}{{/each}}\" data-product-brand=\"{{brand.name}}\" data-product-price=\"{{#if price.with_tax}}{{price.with_tax.value}}{{else}}{{price.without_tax.value}}{{/if}}\"  {{/if}}>\n    <figure class=\"card-figure\">\n        {{#or price.sale_price_with_tax.value price.sale_price_without_tax.value}}\n            {{#if theme_settings.product_sale_badges '===' 'sash'}}\n                <div class=\"sale-flag-sash\">\n                    <span class=\"sale-text\">{{{theme_settings.pdp_sale_badge_label}}}</span>\n                </div>\n            {{else if theme_settings.product_sale_badges '===' 'topleft'}}\n                <div class=\"sale-flag-side\">\n                    <span class=\"sale-text\">{{{theme_settings.pdp_sale_badge_label}}}</span>\n                </div>\n            {{else if theme_settings.product_sale_badges '===' 'burst'}}\n                <div class=\"starwrap\">\n                    <div class=\"sale-text-burst\">{{{theme_settings.pdp_sale_badge_label}}}</div>\n                    <div class=\"sale-flag-star\"></div>\n                </div>\n            {{/if}}\n        {{/or}}\n        <a href=\"{{url}}\" \n           class=\"card-figure__link\"\n           aria-label=\"{{name}},{{> components/products/product-aria-label}}\"\n           {{#if settings.data_tag_enabled}} data-event-type=\"product-click\" {{/if}}\n        >\n            {{#each custom_fields}}\n                {{#if name '===' 'Gluten Free'}}\n                    {{#if value '===' 'Yes'}}\n                    <div class=\"sale-flag-side sale-flag-side--custom\" style=\"background-color:#c0ca7f; color:#67803b; text-transform:uppercase; font-weight:600;\">\n                        <span style=\"color:#67803b;\" class=\"sale-text\">Gluten Free</span>\n                    </div>\n                    {{/if}}\n                {{/if}}\n                {{#if name '===' 'New'}}\n                    {{#if value '===' 'Yes'}}\n                    <div class=\"sale-flag-side sale-flag-side--custom\" style=\"background-color:#67803b; color:#c0ca7f; text-transform:uppercase; font-weight:600; \">\n                        <span style=\"color:#c0ca7f;\" class=\"sale-text\">New Item</span>\n                    </div>\n                    {{/if}}    \n                {{/if}}\n                {{#if name '===' 'Low Carb'}}\n                    {{#if value '===' 'No'}}\n                    <div class=\"sale-flag-side sale-flag-side--custom\" style=\"background-color:#f0e4b2; color:#67803b; text-transform:uppercase; font-weight:600; \">\n                        <span style=\"color:#67803b;\" class=\"sale-text\">Low Glycemic Carb</span>\n                    </div>\n                    {{/if}}\n                {{/if}}\n                {{#if name '===' 'Low Carb'}}\n                    {{#if value '===' 'Yes'}}\n                    <div class=\"sale-flag-side sale-flag-side--custom\" style=\"background-color:#ffbf3c; text-transform:uppercase; font-weight:600; \">\n                        <span style=\"color:#ffffff;\" class=\"sale-text\">Low Carb</span>\n                    </div>\n                    {{/if}} \n                {{/if}}\n                {{#if name '===' '__badge'}}\n                    <div class=\"sale-flag-side sale-flag-side--custom\">\n                        <span class=\"sale-text\">{{{value}}}</span>\n                    </div>\n                {{/if}}\n            {{/each}}\n\n            <div class=\"card-img-container\">\n                {{> components/common/responsive-img\n                    image=image\n                    class=\"card-image\"\n                    fallback_size=theme_settings.productgallery_size\n                    lazyload=theme_settings.lazyload_mode\n                    default_image=theme_settings.default_image_product\n                }}\n            </div>\n        </a>\n\n        <figcaption class=\"card-figcaption\">\n            <div class=\"card-figcaption-body\">\n                {{#unless hide_product_quick_view}}\n                    {{#if theme_settings.show_product_quick_view}}\n                        {{#if settings.data_tag_enabled}}\n                            <button class=\"button button--small card-figcaption-button quickview\" data-event-type=\"product-click\" data-product-id=\"{{id}}\">{{lang 'products.quick_view'}}</button>\n                        {{else}}\n                            <button class=\"button button--small card-figcaption-button quickview\" data-product-id=\"{{id}}\">{{lang 'products.quick_view'}}</button>\n                        {{/if}}\n                    {{/if}}\n                {{/unless}}\n            </div>\n        </figcaption>\n    </figure>\n    <div class=\"card-body\">\n        {{#or customer (if theme_settings.restrict_to_login '!==' true)}}\n            {{#if show_cart_action}}\n                {{#if has_options}}\n                    <a href=\"{{url}}\" data-event-type=\"product-click\" class=\"button button--small card-figcaption-button ob-btn ob-btn-light-green ob-btn-inline\" data-product-id=\"{{id}}\">{{lang 'products.choose_options'}}</a>\n                {{/if}}\n                {{#if pre_order}}\n                    <a href=\"{{pre_order_add_to_cart_url}}\" data-event-type=\"product-click\" class=\"button button--small card-figcaption-button ob-btn ob-btn-light-green ob-btn-inline\">{{lang 'products.pre_order'}}</a>\n                {{/if}}\n                {{#if add_to_cart_url }}\n                    <a href=\"{{add_to_cart_url}}\" data-event-type=\"product-click\" data-button-type=\"add-cart\" class=\"button button--small card-figcaption-button ob-btn ob-btn-light-green ob-btn-inline\">{{lang 'products.add_to_cart'}}</a>\n                    <span class=\"product-status-message aria-description--hidden\">{{lang 'category.add_cart_announcement'}}</span>\n                {{/if}}\n                {{#if out_of_stock_message }}\n                    <a href=\"{{url}}\" data-event-type=\"product-click\" class=\"button button--small card-figcaption-button ob-btn ob-btn-light-green ob-btn-inline\" data-product-id=\"{{id}}\">{{out_of_stock_message}}</a>\n                {{/if}}\n            {{/if}}\n        {{/or}}\n        {{#and rating show_rating}}\n            <p class=\"card-text\" data-test-info-type=\"productRating\">\n                <span class=\"rating--small\">\n                    {{> components/products/ratings rating=rating}}\n                </span>\n            </p>\n        {{/and}}\n        {{#if brand.name}}\n            <p class=\"card-text\" data-test-info-type=\"brandName\">{{brand.name}}</p>\n        {{/if}}\n        <h3 class=\"card-title\">\n            <a aria-label=\"{{name}},{{> components/products/product-aria-label}}\"\n               href=\"{{url}}\" \n               {{#if settings.data_tag_enabled}} data-event-type=\"product-click\" {{/if}}>{{name}}</a>\n        </h3>\n\n        <div class=\"card-text\" data-test-info-type=\"price\">\n            {{#or customer (if theme_settings.restrict_to_login '!==' true)}}\n               {{#if customer.customer_group_name '===' \"Fit Club\"}}\n               <p class=\"reg-price\">{{customer.customer_group_name}} Discount Applied!</p>\n               <p class=\"fit-price\">${{toFixed (multiply price.without_tax.value 1.0) 2}} - You Save ${{toFixed (multiply price.without_tax.value 0.25) 2}}! </p>\n               {{else if customer.customer_group_name '===' \"BFF 50%\"}}\n               <p class=\"reg-price\">{{customer.customer_group_name}} Discount Applied!</p>\n               <p class=\"fit-price\">${{toFixed (multiply price.without_tax.value 1.0) 2}} - You Save ${{toFixed (multiply price.without_tax.value 1.0) 2}}! </p>\n               {{else if customer.customer_group_name '===' \"BFF 35%\"}}\n               <p class=\"reg-price\">{{customer.customer_group_name}} Discount Applied!</p>\n               <p class=\"fit-price\">${{toFixed (multiply price.without_tax.value 1.0) 2}} - You Save ${{toFixed (multiply price.without_tax.value 0.538462) 2}}! </p>\n               {{else if customer.customer_group_name '===' \"C&L 50%\"}}\n               <p class=\"reg-price\">{{customer.customer_group_name}} Discount Applied!</p>\n               <p class=\"fit-price\">${{toFixed (multiply price.without_tax.value 1.0) 2}} - You Save ${{toFixed (multiply price.without_tax.value 1.0) 2}}! </p>\n               {{else}}\n               <p class=\"reg-price\">Regular Price - ${{toFixed (multiply price.without_tax.value 1.0) 2}} </p>\n               <p class=\"fit-price\">Fit Club Price - ${{toFixed (multiply price.without_tax.value 0.8) 2}} </p>\n               {{/if}}\n            {{else}}\n                {{> components/common/login-for-pricing}}\n            {{/or}}\n        </div>\n        {{> components/products/bulk-discount-rates}}\n    </div>\n</article>\n",
  "components/products/product-aria-label": "{{#and price.price_range (if theme_settings.price_ranges '==' true)}}\n{{#and price.price_range.min.with_tax price.price_range.max.with_tax}}\n{{lang 'category.shop_by_price_range_aria' from=price.price_range.min.with_tax.formatted to=price.price_range.max.with_tax.formatted}}\n{{else}}\n{{lang 'category.shop_by_price_range_aria' from=price.price_range.min.without_tax.formatted to=price.price_range.max.without_tax.formatted}}\n{{/and}}\n{{else}}\n{{#if price.with_tax}}\n{{#if price.non_sale_price_with_tax}}\n{{theme_settings.pdp-non-sale-price-label}}{{price.non_sale_price_with_tax.formatted}},\n{{theme_settings.pdp-sale-price-label}}{{price.with_tax.formatted}}\n{{else}}\n{{price.with_tax.formatted}}                        \n{{/if}}\n{{else}}\n{{#if price.non_sale_price_without_tax}}\n{{theme_settings.pdp-non-sale-price-label}}{{price.non_sale_price_without_tax.formatted}},\n{{theme_settings.pdp-sale-price-label}}{{price.without_tax.formatted}}\n{{else}}\n{{price.without_tax.formatted}}\n{{/if}}\n{{/if}}\n{{/and}}\n",
  "components/common/responsive-img": "{{!--\nThis file implements the lazysizes srcset pattern (as seen on\nhttps://github.com/aFarkas/lazysizes#modern-transparent-srcset-pattern) for maximum performance on modern browsers\nand reasonable compatibility with legacy browsers.\n\nThere are a few important arguments to know about when using this component:\n`lazyload`:\n    - If set to 'lazyload+lqip', will load a low-res image which will be replaced by lazysizes - ensuring that SOME\n    content is shown immediately on page load. Without LQIP, a transparent gif will be used instead, which reduces\n    the number of requests needed to load the page, making it even faster.\n    - If set to 'lazyload', the browser will not load the full-size image at first, instead the lazysizes plugin will\n        load it progressively after page load. This improves the load speed of the page, but it should be disabled for\n        high-priority above-the-fold images.\n    - If set to 'disabled', will not attempt to lazyload the image and instead tell the browser to load it immediately.\n        Use this for high-priority images that are above the fold.\n\n`fallback_size`:\n    This is the size to use for this image in legacy browsers that do not support srcset.\n    Can be defined as a pixel bounding-box size (e.g. \"123x123) or inherent width (e.g. \"123w\").\n\n`class`:\n    The CSS classes to add to the image, e.g. \"card-image\". If lazyloading is enabled, all images will have the\n    \"lazyload\" class so that lazysizes will target them automatically.\n\n`otherAttributes`:\n    Any other HTML attributes you want on the img tag, for example \"height='100' width='100'\"\n\n`default_image`:\n    The default image to use if `image` is undefined or falsy. Should be a theme asset, usually defined as a relative\n    path in the theme config. If a default image is not provided, you'll get an image tag with no image if the primary\n    image is undefined.\n\n`lqip_size`:\n    If you want to specify a particular size for the LQIP image, you can do so with this argument. A default of 80\n    pixels wide will be used otherwise. This argument has no effect if the lazyload mode is not \"lazyload+lqip\".\n\n--}}\n<img {{#if image}}{{!-- Get the default image for legacy browsers that do not support srcset\n--}}src=\"{{getImageSrcset image 1x=(default fallback_size '160w')}}\" alt=\"{{image.alt}}\" title=\"{{image.alt}}\" {{!--\n  Allow lazysizes to generate the 'sizes' attribute automatically --}}data-sizes=\"auto\"\n  {{#unless lazyload '==' 'disabled'}}\n    {{#if lazyload '==' 'lazyload+lqip'}}\n    {{!-- If we want a LQIP, include it as the default srcset (will be overwritten by lazysizes) --}}\n    srcset=\"{{getImageSrcset image 1x=(default lqip_size '80w')}}\"\n    {{else}}\n      {{!-- If we don't want a LQIP, use a 1px transparent gif for the stand-in image\n            This requires no additional network request, so it's fast --}}\n    srcset=\"data:image/gif;base64,R0lGODlhAQABAIAAAP///wAAACH5BAEAAAAALAAAAAABAAEAAAICRAEAOw==\"\n    {{/if}}\n{{/unless}}\n{{!-- If lazyloading is disabled, just use \"srcset\". If it is not disabled, use \"data-srcset\" so lazysizes will use\n      this after page load --}}\n{{!--\nGenerate the srcset string using the default sizes defined in the helper. This will allow the browser to\npick the best-sized image based on its own understanding of how it will render the page.\n--}}\n{{#unless lazyload '==' 'disabled'}}data-{{/unless}}srcset=\"{{getImageSrcset image use_default_sizes=true }}\"\n{{else if default_image}}src=\"{{cdn default_image}}\"{{/if}}\nclass=\"{{#unless lazyload '==' 'disabled'}}lazyload{{/unless}}{{#if class}} {{class}}{{/if}}\"\n{{#if lazyload '==' 'lazyload'}}loading=\"lazy\"{{/if}}\n{{otherAttributes}} />\n",
  "components/products/ratings": "<span role=\"img\"\n      alt=\"{{lang 'products.reviews.rating_aria_label' current_rating=rating max_rating=5}}\"\n      title=\"{{lang 'products.reviews.rating_aria_label' current_rating=rating max_rating=5}}\"\n>\n    {{#for 1 5}}\n        {{#if ../this.rating '>=' $index}}\n            <span class=\"icon icon--ratingFull\">\n                <svg>\n                    <use xlink:href=\"#icon-star\" />\n                </svg>\n            </span>\n        {{else}}\n            <span class=\"icon icon--ratingEmpty\">\n                <svg>\n                    <use xlink:href=\"#icon-star\" />\n                </svg>\n            </span>\n        {{/if}}\n    {{/for}}\n</span>\n",
  "components/products/bulk-discount-rates": "{{#if bulk_discount_rates.length}}\n    {{#if product}}<dt class=\"productView-info-name\">{{lang 'products.bulk_pricing.title'}}</dt>{{/if}}\n    <dd class=\"productView-info-value\">\n        <a href=\"{{product.url}}#bulk_pricing\"\n           {{#unless is_ajax }}data-reveal-id=\"modal-bulk-pricing\"{{/unless}}>\n            {{lang 'products.bulk_pricing.view'}}\n        </a>\n    </dd>\n    <div id=\"modal-bulk-pricing\" class=\"modal modal--small\" data-reveal>\n        <div class=\"modal-header\">\n            <h2 class=\"modal-header-title\">{{lang 'products.bulk_pricing.modal_title'}}</h2>\n            {{> components/common/modal/modal-close-btn}}\n        </div>\n        <div class=\"modal-body\">\n            <p>{{lang 'products.bulk_pricing.instructions'}}</p>\n            <ul>\n                {{#each bulk_discount_rates}}\n                <li>\n                    {{lang 'products.bulk_pricing.range' min=min max=max}}\n                    {{#if type '===' 'percent'}}\n                    {{lang 'products.bulk_pricing.percent' discount=discount.formatted}}\n                    {{else if type '===' 'fixed'}}\n                    {{lang 'products.bulk_pricing.fixed' discount=discount.formatted}}\n                    {{else if type '===' 'price'}}\n                    {{lang 'products.bulk_pricing.price' discount=discount.formatted}}\n                    {{/if}}\n                </li>\n                {{/each}}\n            </ul>\n        </div>\n    </div>\n{{/if}}\n",
  "components/common/login-for-pricing": "<p translate>Log in for pricing</p>\n",
  "components/common/modal/modal-close-btn": "<button class=\"modal-close\"\n        type=\"button\"\n        title=\"{{lang 'common.close'}}\"\n        {{additional_attr}}\n>\n    <span class=\"aria-description--hidden\">{{lang 'common.close'}}</span>\n    <span aria-hidden=\"true\">&#215;</span>\n</button>\n"
}