{
  "components/ob-custom/home/ob-home-content": "<style>\n\t.body {\n\t\tmargin: 0;\n\t}\n\t.body .container {\n\t\tmax-width: 100%;\n\t\tpadding: 0;\n\t}\n\t.body .container .container {\n\t\tmax-width: 1210px;\n\t}\n</style>\n\n{{> components/ob-custom/home/ob-hero-banner}}\n{{> components/ob-custom/home/ob-covid-banner}}\n{{> components/ob-custom/home/ob-choices-panel}}\n{{> components/ob-custom/home/ob-quality-panel}}\n{{> components/ob-custom/home/ob-21-days-panel}}\n{{> components/ob-custom/home/ob-testimonials-panel}}\n{{> components/ob-custom/home/ob-popular-panel}}\n{{> components/ob-custom/home/ob-new-meal-panel}}\n{{> components/ob-custom/home/ob-social-embed}}\n{{> components/ob-custom/home/ob-commitment-panel}}\n{{> components/ob-custom/home/ob-newsletter-panel}}\n",
  "components/ob-custom/home/ob-hero-banner": "<div class=\"ob-hero-banner\">\n\t<div class=\"bg-overlay\">\n\t\t<div class=\"container\">\n\t\t\t<div class=\"panel-content\">\n\t\t\t\t<h1 class=\"ob-heading-xl\">FRESH MEALS FOR PEOPLE WHO LOVE HEALTHY FOOD</h1>\n\t\t\t\t<p class=\"ob-paragraph-lg\">\n\t\t\t\t\tTasty and nutritious meal prep, made affordable.\n\t\t\t\t</p>\n\n\t\t\t\t<div class=\"fit-meals-wrapper\">\n\t\t\t\t\t<a class=\"fit-meals-btn ob-btn ob-btn-light-green ob-btn-inline\" href=\"../meals/\">\n\t\t\t\t\t\tShop Fit Meals\n\t\t\t\t\t\t<svg>\n\t\t\t                <use xmlns:xlink=\"http://www.w3.org/1999/xlink\" xlink:href=\"#icon-ob-cutlery\"></use>\n\t\t\t            </svg>\n\t\t\t\t\t</a>\n\t\t\t\t</div>\n\t\t\t</div>\n\t\t</div>\n\t</div>\n</div>\n",
  "components/ob-custom/home/ob-covid-banner": "<div class=\"ob-covid-banner\">\n\t<div class=\"container\">\n\t\t<p class=\"ob-paragraph-md ob-text-white\">\n\t\t\tRead our <a href=\"/covid-19/\" class=\"ob-paragraph-md\">COVID-19 update page</a> to learn how we're keeping out customers\n\t\t\t&amp; FitFam safe.\n\t\t</p>\n\t</div>\n</div>\n",
  "components/ob-custom/home/ob-21-days-panel": "<div class=\"ob-content-panel ob-content-panel-75 ob-21-days-panel\">\n\t<div class=\"container\">\n\t\t<div class=\"row\">\n\t\t\t<div class=\"col-md-6 col-sm-6\">\n\t\t\t\t<img src=\"{{cdn 'assets/img/ob-custom/home-team.jpg'}}\" alt=\"\" />\n\t\t\t</div>\n\t\t\t<div class=\"col-md-6 col-sm-6\">\n\t\t\t\t<h2 class=\"ob-heading-lg\">CHANGE YOUR HABITS WITH MYFITLIFE</h2>\n\t\t\t\t<p><strong>The meal plan that started it all. </strong>Our legendary My Fit Life plan takes all of the guesswork out of eating right.\n\t\t\t\t</p>\n\t\t\t\t<div class=\"btn-block\">\n\t\t\t\t\t<a class=\"ob-btn ob-btn-orange\" href=\"../21-day-challenge/\">Get Started</a>\n\t\t\t\t\t<a class=\"ob-btn ob-btn-white\" href=\"../success-stories/\">Real Stories</a>\n\t\t\t\t</div>\n\t\t\t</div>\n\t\t</div>\n\t</div>\n</div>\n",
  "components/ob-custom/home/ob-choices-panel": "<div class=\"ob-content-panel ob-content-panel-75 ob-choices-panel\">\n\t<div class=\"container\">\n\t\t<div class=\"row\">\n\t\t\t<div class=\"col-md-12\">\n\t\t\t\t<h2 class=\"ob-heading-lg\">GOOD CHOICES MADE EASY</h2>\n\t\t\t</div>\n\n\t\t\t<div class=\"panel-content-block col-md-6 col-sm-6\">\n\t\t\t\t<svg>\n\t                <use xmlns:xlink=\"http://www.w3.org/1999/xlink\" xlink:href=\"#icon-ob-basket-orange\"></use>\n\t            </svg>\n\t\t\t\t<h3 class=\"ob-heading-md\">SAFE & FRIENDLY IN-STORE SHOPPING</h3>\n\t\t\t\t<p class=\"ob-paragraph-md\">\n\t\t\t\t\tWe stock fresh meals daily for all of your grab-n-go needs. Stop by your local store to find the best meals, ready to feed your needs or and start fueling your body for success today.\n\t\t\t\t</p>\n\t\t\t\t<a class=\"ob-btn ob-btn-orange ob-btn-inline\" href=\"../locations/\">Find Your Store</a>\n\t\t\t</div>\n\t\t\t<div class=\"panel-content-block col-md-6 col-sm-6\">\n\t\t\t\t<svg>\n\t                <use xmlns:xlink=\"http://www.w3.org/1999/xlink\" xlink:href=\"#icon-ob-cutlery-orange\"></use>\n\t            </svg>\n\t\t\t\t<h3 class=\"ob-heading-md\">BUY ONE MEAL OR ONE WEEK’S WORTH</h3>\n\t\t\t\t<p class=\"ob-paragraph-md\">\n\t\t\t\t\tMeal planning doesn’t have to be hard. In fact, we make that easy too. Find the food you want and pick up in-store today or tomorrow.\n\t\t\t\t</p>\n\t\t\t\t<a class=\"ob-btn ob-btn-orange ob-btn-inline\" href=\"../meals/\">Start Shopping</a>\n\t\t\t</div>\n\t\t</div>\n\t</div>\n</div>\n",
  "components/ob-custom/home/ob-quality-panel": "<div class=\"ob-quality-panel\">\n\t<div class=\"bg-overlay\">\n\t\t<div class=\"container\">\n\t\t\t<div class=\"row\">\n\t\t\t\t<div class=\"col-md-6 col-sm-6 image-col\">\n\t\t\t\t\t<img src=\"{{cdn 'assets/img/ob-custom/home-taco-tray.png'}}\" alt=\"\" />\n\t\t\t\t</div>\n\t\t\t\t<div class=\"col-md-6 col-sm-6\">\n\t\t\t\t\t<h3 class=\"ob-heading-sm\">BEST IN CLASS INGREDIENTS</h3>\n\t\t\t\t\t<p class=\"ob-paragraph-md ob-text-white\">We do our best to abstain from added preservatives, fake colors, sugars, and sodium. Our carbs are gluten free (95%) and are low on the glycemic index and all our spices are freshly ground every day. Proteins are 85% or leaner, and all fats are 100% organic and heart healthy.</p>\n\n\n\t\t\t\t\t\n\n\n\n\t\t\t\t\t<h3 class=\"ob-heading-sm\">COOKED FRESH DAILY</h3>\n\t\t\t\t\t<p class=\"ob-paragraph-md ob-text-white\">Feel the difference whole food makes. We cook our meals fresh every single day just for you!</p>\n\n\t\t\t\t\t<h3 class=\"ob-heading-sm\">OPTIMIZED RESULTS</h3>\n\t\t\t\t\t<p class=\"ob-paragraph-md ob-text-white\">Most people don’t know how many calories they need daily - Do you? This is how you optimize your energy, hormone, body fat, and lean body mass levels. Our Nutritional Coaches and Dietitians will dial you in, and then explain to you exactly how many calories you need daily to reach your goals.\n\n</p>\n\t\t\t\t</div>\n\t\t\t</div>\n\t\t</div>\n\t</div>\n</div>\n",
  "components/ob-custom/home/ob-testimonials-panel": "<div class=\"ob-content-panel ob-content-panel-75 ob-testimonials-panel\">\n\t<div class=\"container\">\n\t\t<div class=\"quotes-container\">\n\t\t\t<div class=\"quote\">\n\t\t\t\t<p class=\"ob-text-white\">\n\t\t\t\t\t“Being a mom of two and a teacher makes MyFitFoods a lifesaver. No more spending rare free time meal \n\t\t\t\t\tprepping for hours on end every Sunday.”\n\t\t\t\t</p>\n\t\t\t\t<div class=\"source\">\n\t\t\t\t\t<span class=\"name\">Cassidy M.</span>\n\t\t\t\t\t<span class=\"location\">Houston, TX</span>\n\t\t\t\t</div>\n\t\t\t</div>\n\t\t\t<div class=\"quote\">\n\t\t\t\t<p class=\"ob-text-white\">\n\t\t\t\t\t“Feeling the best I’ve ever felt. This program is exactly what I needed to make real change.”\n\t\t\t\t</p>\n\t\t\t\t<div class=\"source\">\n\t\t\t\t\t<span class=\"name\">Marshall W.</span>\n\t\t\t\t\t<span class=\"location\">Houston, TX</span>\n\t\t\t\t</div>\n\t\t\t</div>\n\t\t</div>\n\t</div>\n</div>\n",
  "components/ob-custom/home/ob-popular-panel": "<div class=\"ob-content-panel ob-popular-panel\">\n\t<div class=\"container\">\n\t\t<div class=\"row\">\n\t\t\t<div class=\"col-md-6 col-sm-6 text-col\">\n\t\t\t\t<h4 class=\"ob-heading-sm\">Popular Meals</h4>\n\t\t\t\t<h2 class=\"ob-heading-lg\">OUR MOST POPULAR DISHES, CHOSEN BY THE PEOPLE</h2>\n\t\t\t\t<p>Believe it or not, eating healthy can be tasty too. Our dishes are carefully crafted to check all the essential macro boxes without sacrificing flavor.</p>\n\n\t\t\t\t<a href=\"../meals/\" class=\"ob-btn ob-btn-inline\">Shop Popular Meals</a>\n\t\t\t</div>\n\t\t\t<div class=\"col-md-6 col-sm-6 slide-col\">\n\t\t\t\t<div class=\"slide-wrapper\">\n\t\t\t\t\t<div class=\"image-slide\">\n\t\t\t\t\t\t<img src=\"{{cdn 'assets/img/ob-custom/caveman-steak.png'}}\" alt=\"\" />\n\t\t\t\t\t</div>\n\t\t\t\t\t<div class=\"image-slide\">\n\t\t\t\t\t\t<img src=\"{{cdn 'assets/img/ob-custom/turkey-pasta.png'}}\" alt=\"\" />\n\t\t\t\t\t</div>\n\t\t\t\t\t<div class=\"image-slide\">\n\t\t\t\t\t\t<img src=\"{{cdn 'assets/img/ob-custom/shredded-bbq.png'}}\" alt=\"\" />\n\t\t\t\t\t</div>\n\t\t\t\t</div>\n\t\t\t</div>\n\t\t</div>\n\t</div>\n</div>\n",
  "components/ob-custom/home/ob-commitment-panel": "<div class=\"ob-content-panel ob-content-panel-75 ob-commitment-panel\">\n\t<div class=\"container\">\n\t\t<div class=\"row\">\n\t\t\t<div class=\"col-md-5 col-sm-5 image-col\">\n\t\t\t\t<img src=\"{{cdn 'assets/img/ob-custom/mff-sub-logo.png'}}\" alt=\"\" />\n\t\t\t</div>\n\t\t\t<div class=\"col-md-7 col-sm-7\">\n\t\t\t\t<p class=\"ob-paragraph-md ob-text-bold\">\n\t\t\t\t\tMyFitFoods is the original meal-prep business and paved the way for the industry!\n\t\t\t\t\tA lot has changed since then, but one thing hasn’t, we have an amazing staff who genuinely cares about you!\n\t\t\t\t</p>\n\t\t\t\t<p class=\"ob-paragraph-md\">\n\t\t\t\t\tLearn more about our story and what drives our business everyday to continue to provide healthy, affordable, and attainable meal options.\n\t\t\t\t</p>\n\n\t\t\t\t<div class=\"btn-block\">\n\t\t\t\t\t<a class=\"ob-btn ob-btn-inline\" href=\"../why-mff/\">The MyFitFoods Story</a>\n\t\t\t\t</div>\n\t\t\t</div>\n\t\t</div>\n\t</div>\n</div>\n",
  "components/ob-custom/home/ob-social-embed": "<div class=\"ob-content-panel ob-social-embed\">\n\t<div class=\"container\">\n\t\t<div class=\"social-content\">\n\t\t\t<h2 class=\"ob-heading-lg\">JOIN THE FIT FAM ON SOCIAL </h2>\n\t\t\t<p class=\"ob-paragraph-lg\"><a href=\"https://www.instagram.com/myfitfoodsofficial/\">Follow us on IG</a> for exclusive deals and nutrition pro tips.</p>\n\t\t\t<div id=\"papainstagram-render\"></div>\n\t\t</div>\n\t</div>\n</div>\n",
  "components/ob-custom/home/ob-newsletter-panel": "<div class=\"ob-content-panel ob-newsletter-panel\">\n\t<div class=\"bg-overlay\">\n\t\t<div class=\"container\">\n\t\t\t<h2 class=\"ob-heading-lg ob-text-white\">SUBSCRIBE TO MYFITFOODS FOR EXCLUSIVE DEALS, GIVEAWAYS, and NUTRITIONAL TIPS</h2>\n\t\t\t<form class=\"form\" action=\"{{urls.subscribe.action}}\" method=\"post\">\n\t\t\t    <fieldset class=\"form-fieldset\">\n\t\t\t        <input type=\"hidden\" name=\"action\" value=\"subscribe\">\n\t\t\t        <input type=\"hidden\" name=\"nl_first_name\" value=\"bc\">\n\t\t\t        <input type=\"hidden\" name=\"check\" value=\"1\">\n\t\t\t        <div class=\"form-field\">\n\t\t\t            <div class=\"form-prefixPostfix wrap\">\n\t\t\t                <input class=\"form-input\"\n\t\t\t                       id=\"nl_email\"\n\t\t\t                       name=\"nl_email\"\n\t\t\t                       type=\"email\"\n\t\t\t                       value=\"{{customer.email}}\"\n\t\t\t                       placeholder=\"{{lang 'newsletter.email_placeholder'}}\"\n\t\t\t                       aria-describedby=\"alertBox-message-text\"\n\t\t\t                >\n\t\t\t                <input class=\"button button--primary form-prefixPostfix-button--postfix\"\n\t\t\t                       type=\"submit\"\n\t\t\t                       value=\"{{lang 'newsletter.subscribe_submit'}}\"\n\t\t\t                >\n\t\t\t            </div>\n\t\t\t            {{#if settings.show_newsletter_summary }}\n\t\t\t                <div class=\"footer-newsletter-summary\">{{settings.newsletter_summary}}</div>\n\t\t\t            {{/if}}\n\t\t\t        </div>\n\t\t\t    </fieldset>\n\t\t\t</form>\n\t\t\t<p class=\"ob-text-white\"><strong>We’ll only send you exclusive member deals and updates.</strong></p>\n\t\t</div>\n\t</div>\n</div>\n",
  "components/ob-custom/home/ob-new-meal-panel": "<div class=\"ob-content-panel ob-new-meal-panel\">\n\t<div class=\"container\">\n\t\t<div class=\"snack-slider-wrapper\">\n\t\t\t<div class=\"snack\">\n\t\t\t\t<div class=\"row\">\n\t\t\t\t\t<div class=\"col-md-6 col-sm-6 item-content-col\">\n\t\t\t\t\t\t<h4 class=\"ob-heading-sm\">NEW SNACK ALERT!</h4>\n\t\t\t\t\t\t<h2 class=\"ob-heading-lg\">GLUTEN-FREE MACADAMIA NUT PROTEIN COOKIE</h2>\n\t\t\t\t\t\t<p>Gluten free, high protein cookie baked with keto flour and spotted with decadent white chocolate and macadamia nuts.</p>\n\t\t\t\t\t\t<p class=\"quote\">“SOOO DELICIOUS & GUILT FREE”<br />– KAYLA G.</p>\n\t\t\t\t\t\t<a class=\"ob-btn ob-btn-blue ob-btn-inline\" href=\"../snacks/\">Shop Fit Snacks</a>\n\t\t\t\t\t</div>\n\t\t\t\t\t<div class=\"col-md-2 col-sm-2 item-stats-col\">\n\t\t\t\t\t\t<p class=\"ob-paragraph-xl\">7 g <span>PROTEIN</span></p>\n\t\t\t\t\t\t<p class=\"ob-paragraph-xl\">10 g <span>CARBS</span></p>\n\t\t\t\t\t\t<p class=\"ob-paragraph-xl\">0 g <span>ADDED SUGAR</span></p>\n\t\t\t\t\t</div>\n\t\t\t\t\t<div class=\"col-md-4 col-sm-4 item-image-col\">\n\t\t\t\t\t\t<img src=\"{{cdn 'assets/img/ob-custom/macadamia-2.png'}}\" alt=\"\" />\n\t\t\t\t\t</div>\n\t\t\t\t</div>\n\t\t\t</div>\n\t\t\t<div class=\"snack\">\n\t\t\t\t<div class=\"row\">\n\t\t\t\t\t<div class=\"col-md-6 col-sm-6 item-content-col\">\n\t\t\t\t\t\t<h4 class=\"ob-heading-sm\">NEW MEAL ALERT!</h4>\n\t\t\t\t\t\t<h2 class=\"ob-heading-lg\">FARM RAISED FRESH SALMON WITH BROCCOLI</h2>\n\t\t\t\t\t\t<p>The best naturally sourced Atlantic salmon served with nutrient-dense organic broccoli florets on a bed of our famous gluten-free brown rice.</p>\n\t\t\t\t\t\t<p class=\"quote\">“Clean. Delicious. High-Protein.”</p>\n\t\t\t\t\t\t<a class=\"ob-btn ob-btn-blue ob-btn-inline\" href=\"../meals/\">Shop New Meals</a>\n\t\t\t\t\t</div>\n\t\t\t\t\t<div class=\"col-md-2 col-sm-2 item-stats-col\">\n\t\t\t\t\t\t<p class=\"ob-paragraph-xl\">25 g <span>PROTEIN</span></p>\n\t\t\t\t\t\t<p class=\"ob-paragraph-xl\">23 g <span>CARBS</span></p>\n\t\t\t\t\t\t<p class=\"ob-paragraph-xl\">365 <span>CALORIES</span></p>\n\t\t\t\t\t</div>\n\t\t\t\t\t<div class=\"col-md-4 col-sm-4 item-image-col\">\n\t\t\t\t\t\t<img src=\"{{cdn 'assets/img/ob-custom/salmon-meal.png'}}\" alt=\"\" />\n\t\t\t\t\t</div>\n\t\t\t\t</div>\n\t\t\t</div>\n\t\t</div>\n\t</div>\n</div>\n"
}