{
  "components/cart/item-options": " <form method=\"post\" action=\"{{urls.cart}}\" enctype=\"multipart/form-data\">\r\n    <input type=\"hidden\" name=\"item_id\" value=\"{{item.id}}\">\r\n    <p> Options\r\n        {{#each product.options}}\r\n            <div>{{{dynamicComponent 'components/products/options'}}}</div>\r\n        {{/each}}\r\n    </p>\r\n    <input type=\"submit\" class=\"btn btn-success\" value=\"Save\">\r\n</form>\r\n",
  "components/products/options/date": "<div class=\"form-field\" data-product-attribute=\"date\">\r\n    <label class=\"form-label form-label--alternate form-label--inlineSmall\" {{#if style}}style=\"{{style}}\" {{/if}}>\r\n        {{this.display_name}}:\r\n\r\n        {{> components/common/requireness-msg}}\r\n    </label>\r\n    <select class=\"form-select form-select--date\" name=\"attribute[{{this.id}}][month]\" {{#if required}}required{{/if}}>\r\n        <option value=\"\">{{lang 'common.month'}}</option>\r\n        {{#for 1 12}}\r\n            <option value=\"{{$index}}\" {{#if ../selected_date.month '==' $index}}selected=\"selected\"{{/if}}>\r\n                {{lang (concat 'common.short_months.' $index)}}\r\n            </option>\r\n        {{/for}}\r\n    </select>\r\n    <select class=\"form-select form-select--date\" name=\"attribute[{{this.id}}][day]\" {{#if required}}required{{/if}}>\r\n        <option value=\"\">{{lang 'common.day'}}</option>\r\n        {{#for 1 31}}\r\n            <option value=\"{{$index}}\" {{#if ../selected_date.day '==' $index}}selected=\"selected\"{{/if}}>\r\n                {{$index}}\r\n            </option>\r\n        {{/for}}\r\n    </select>\r\n    <select class=\"form-select form-select--date\" name=\"attribute[{{this.id}}][year]\" {{#if required}}required{{/if}}>\r\n        <option value=\"\">{{lang 'common.year'}}</option>\r\n        {{#for earliest_year latest_year}}\r\n            <option value=\"{{$index}}\" {{#if ../selected_date.year '==' $index}}selected=\"selected\"{{/if}}>\r\n                {{$index}}\r\n            </option>\r\n        {{/for}}\r\n        {{#if earliest_year '==' latest_year}}\r\n        <option value=\"{{earliest_year}}\" selected=\"selected\">{{earliest_year}}</option>\r\n        {{/if}}\r\n    </select>\r\n</div>\r\n",
  "components/products/options/input-file": "<div class=\"form-field\" data-product-attribute=\"input-file\">\r\n    <label class=\"form-label form-label--alternate form-label--inlineSmall\" for=\"attribute_file_{{id}}\">\r\n        {{ this.display_name }}:\r\n\r\n        {{> components/common/requireness-msg}}\r\n    </label>\r\n\r\n    <input class=\"form-file\" type=\"file\" id=\"attribute_file_{{id}}\" name=\"attribute[{{this.id}}]\" {{#if required}}required{{/if}}>\r\n    {{#if original_name}}\r\n        {{{lang 'products.file_option_set' url=file_url name=original_name}}}\r\n        <label>{{lang 'cart.remove_file'}}<input type=\"checkbox\" name=\"{{file_remove}}\"></label>\r\n    {{/if}}\r\n    <p class=\"form-fileDescription\">\r\n        {{#if file_size}}\r\n            {{lang 'products.max_filesize'}}\r\n            <strong>{{file_size}}{{lang 'products.kilobytes_abbreviation'}}</strong>,\r\n        {{/if}}\r\n        {{#if file_types}}\r\n            {{lang 'products.filetypes'}} <strong>{{file_types}}</strong>\r\n        {{/if}}\r\n    </p>\r\n\r\n</div>\r\n",
  "components/products/options/input-checkbox": "<div class=\"form-field\" data-product-attribute=\"input-checkbox\">\r\n    <label class=\"form-label form-label--alternate form-label--inlineSmall\">\r\n        {{display_name}}:\r\n\r\n        {{> components/common/requireness-msg}}\r\n    </label>\r\n    <input type=\"hidden\" name=\"attribute[{{id}}]\" value=\"{{noValue}}\" />\r\n    <div class=\"form-option-wrapper\">\r\n        <input\r\n            class=\"form-checkbox\"\r\n            type=\"checkbox\"\r\n            name=\"attribute[{{id}}]\"\r\n            id=\"attribute-check-{{id}}\"\r\n            value=\"{{value}}\"\r\n            {{#if checked}}\r\n                checked\r\n                data-default\r\n            {{/if}}\r\n            {{#if required}}required{{/if}}>\r\n\r\n        <label class=\"form-label {{class}}\" for=\"attribute-check-{{id}}\">{{label}}</label>\r\n    </div>\r\n</div>\r\n",
  "components/products/options/input-numbers": "<div class=\"form-field\" data-product-attribute=\"input-number\">\r\n    <label class=\"form-label form-label--alternate form-label--inlineSmall\" for=\"attribute_number_{{id}}\">\r\n        {{ this.display_name }}:\r\n\r\n        {{> components/common/requireness-msg}}\r\n    </label>\r\n\r\n    <input class=\"form-input\" type=\"number\" id=\"attribute_number_{{id}}\" {{#unless this.integer_only}}step=\"any\"{{/unless}} name=\"attribute[{{this.id}}]\" value=\"{{this.prefill}}\" {{#if required}}required{{/if}}>\r\n</div>\r\n",
  "components/products/options/product-list": "<div class=\"form-field\" data-product-attribute=\"product-list\" role=\"radiogroup\" aria-labelledby=\"product-list-label\">\r\n    <label class=\"form-label form-label--alternate form-label--inlineSmall\" id=\"product-list-label\">\r\n        {{display_name}}:\r\n        <span data-option-value></span>\r\n\r\n        {{> components/common/requireness-msg}}\r\n    </label>\r\n\r\n    {{#if values.0.image}}\r\n        <ul class=\"productOptions-list\">\r\n            {{#unless required}}\r\n                <li class=\"productOptions-list-item\">\r\n                    <input class=\"form-radio\"\r\n                           type=\"radio\"\r\n                           name=\"attribute[{{id}}]\"\r\n                           value=\"\"\r\n                           id=\"attribute_productlist_{{id}}_none\"\r\n                           checked=\"{{#if defaultValue '==' ''}}checked{{/if}}\">\r\n                    <label class=\"form-label\" for=\"attribute_productlist_{{id}}_none\">{{lang 'products.none'}}</label>\r\n                </li>\r\n            {{/unless}}\r\n            {{#each values}}\r\n                <li class=\"productOptions-list-item\" data-product-attribute-value=\"{{id}}\">\r\n                    {{#if image}}\r\n                        <figure class=\"productOptions-list-item-figure\">\r\n                            {{> components/common/responsive-img\r\n                                image=image\r\n                                class=\"productOptions-list-item-image\"\r\n                                lazyload='lazyload+lqip'\r\n                            }}\r\n                        </figure>\r\n                    {{/if}}\r\n                    <div class=\"productOptions-list-item-content\">\r\n                        <input\r\n                            class=\"form-radio\"\r\n                            type=\"radio\"\r\n                            name=\"attribute[{{../id}}]\"\r\n                            value=\"{{id}}\"\r\n                            id=\"attribute_productlist_{{../id}}_{{id}}\"\r\n                            {{#if selected}}\r\n                                checked\r\n                                data-default\r\n                            {{/if}}\r\n                            {{#if ../required}}required{{/if}}>\r\n                        <label data-product-attribute-value=\"{{id}}\" class=\"form-label\" for=\"attribute_productlist_{{../id}}_{{id}}\">{{label}}</label>\r\n                    </div>\r\n                </li>\r\n            {{/each}}\r\n        </ul>\r\n    {{else}}\r\n        {{#unless required}}\r\n        <input class=\"form-radio\"\r\n               type=\"radio\"\r\n               name=\"attribute[{{id}}]\"\r\n               value=\"0\"\r\n               id=\"attribute_productlist_0_{{id}}\"\r\n               {{#if defaultValue '==' 0}}checked{{/if}}>\r\n        <label class=\"form-label\" for=\"attribute_productlist_0_{{id}}\">{{lang 'products.none'}}</label>\r\n        {{/unless}}\r\n        {{#each values}}\r\n            <input\r\n                class=\"form-radio\"\r\n                type=\"radio\"\r\n                name=\"attribute[{{../id}}]\"\r\n                value=\"{{id}}\"\r\n                id=\"attribute_productlist_{{../id}}_{{id}}\"\r\n                {{#if selected}}checked{{/if}}\r\n                {{#if ../required}}required{{/if}}>\r\n            <label data-product-attribute-value=\"{{id}}\" class=\"form-label\" for=\"attribute_productlist_{{../id}}_{{id}}\">{{label}}</label>\r\n        {{/each}}\r\n    {{/if}}\r\n</div>\r\n",
  "components/products/options/input-text": "<div class=\"form-field\" data-product-attribute=\"input-text\">\r\n    <label class=\"form-label form-label--alternate form-label--inlineSmall\" for=\"attribute_text_{{id}}\">\r\n        {{ this.display_name }}:\r\n\r\n        {{> components/common/requireness-msg}}\r\n    </label>\r\n\r\n    <input class=\"form-input form-input--small\" type=\"text\" id=\"attribute_text_{{id}}\" name=\"attribute[{{this.id}}]\" value=\"{{this.prefill}}\" {{#if required}}required{{/if}} {{#if max_length}}maxlength=\"{{max_length}}\"{{/if}}>\r\n</div>\r\n",
  "components/products/options/set-radio": "<div class=\"form-field\" data-product-attribute=\"set-radio\" role=\"radiogroup\" aria-labelledby=\"radio-group-label\">\r\n    <label class=\"form-label form-label--alternate form-label--inlineSmall\" id=\"radio-group-label\">\r\n        {{ this.display_name }}:\r\n\r\n        {{> components/common/requireness-msg}}\r\n    </label>\r\n\r\n    {{#unless required}}\r\n        <input\r\n            class=\"form-radio\"\r\n            type=\"radio\"\r\n            id=\"attribute_radio_{{../id}}_none\"\r\n            name=\"attribute[{{../id}}]\"\r\n            value=\"\"\r\n            checked=\"{{#if defaultValue '==' ''}}checked{{/if}}\"\r\n        >\r\n        <label class=\"form-label\" for=\"attribute_radio_{{../id}}_none\">{{lang 'products.none'}}</label>\r\n    {{/unless}}\r\n\r\n    {{#each this.values}}\r\n        <input\r\n            class=\"form-radio\"\r\n            type=\"radio\"\r\n            id=\"attribute_radio_{{../id}}_{{id}}\"\r\n            name=\"attribute[{{../id}}]\"\r\n            value=\"{{id}}\"\r\n            {{#if selected}}\r\n                checked\r\n                data-default\r\n            {{/if}}\r\n            {{#if ../required}}required{{/if}}>\r\n        <label data-product-attribute-value=\"{{id}}\" class=\"form-label\" for=\"attribute_radio_{{../id}}_{{id}}\">{{this.label}}</label>\r\n    {{/each}}\r\n</div>\r\n",
  "components/products/options/set-rectangle": "<div class=\"form-field\" data-product-attribute=\"set-rectangle\" role=\"radiogroup\" aria-labelledby=\"rectangle-group-label\">\r\n    <label class=\"form-label form-label--alternate form-label--inlineSmall\" id=\"rectangle-group-label\">\r\n        {{this.display_name}}:\r\n        <span data-option-value></span>\r\n\r\n        {{> components/common/requireness-msg}}\r\n    </label>\r\n\r\n    {{#unless required}}\r\n        <input\r\n            class=\"form-radio\"\r\n            type=\"radio\"\r\n            id=\"attribute_rectangle__{{../id}}_none\"\r\n            name=\"attribute[{{../id}}]\"\r\n            value=\"\"\r\n            checked=\"{{#if defaultValue '==' ''}}checked{{/if}}\"\r\n        >\r\n        <label class=\"form-option\" for=\"attribute_rectangle__{{../id}}_none\">\r\n            <span class=\"form-option-variant\">{{lang 'products.none'}}</span>\r\n        </label>\r\n    {{/unless}}\r\n\r\n    {{#each this.values}}\r\n    <div class=\"form-option-wrapper\">    \r\n        <input\r\n            class=\"form-radio\"\r\n            type=\"radio\"\r\n            id=\"attribute_rectangle__{{../id}}_{{id}}\"\r\n            name=\"attribute[{{../id}}]\"\r\n            value=\"{{id}}\"\r\n            {{#if selected}}\r\n                checked\r\n                data-default\r\n            {{/if}}\r\n            {{#if ../required}}required{{/if}}\r\n        >\r\n        <label class=\"form-option\" for=\"attribute_rectangle__{{../id}}_{{id}}\" data-product-attribute-value=\"{{id}}\">\r\n            <span class=\"form-option-variant\">{{this.label}}</span>\r\n        </label>\r\n    </div>\r\n    {{/each}}\r\n</div>\r\n",
  "components/products/options/swatch": "<div class=\"form-field\" data-product-attribute=\"swatch\" role=\"radiogroup\" aria-labelledby=\"swatchGroup\">\r\n    <label class=\"form-label form-label--alternate form-label--inlineSmall\" id=\"swatchGroup\">\r\n        {{this.display_name}}:\r\n        <span data-option-value></span>\r\n\r\n        {{> components/common/requireness-msg}}\r\n    </label>\r\n\r\n    {{#unless required}}\r\n        <input\r\n            class=\"form-radio\"\r\n            type=\"radio\"\r\n            name=\"attribute[{{../id}}]\"\r\n            value=\"\"\r\n            id=\"attribute_swatch_{{../id}}_none\"\r\n            checked=\"{{#if defaultValue '==' ''}}checked{{/if}}\"\r\n            aria-label=\"{{lang 'products.none'}}\"\r\n        >\r\n        <label class=\"form-option form-option-swatch\" for=\"attribute_swatch_{{../id}}_none\">\r\n            <span class='form-option-variant form-option-variant--none' title=\"{{lang 'products.none'}}\">{{lang 'products.none'}}</span>\r\n        </label>\r\n    {{/unless}}\r\n\r\n    {{#each this.values}}\r\n    <div class=\"form-option-wrapper\">\r\n        <input class=\"form-radio\"\r\n               type=\"radio\"\r\n               name=\"attribute[{{../id}}]\"\r\n               value=\"{{id}}\"\r\n               id=\"attribute_swatch_{{../id}}_{{id}}\"\r\n               {{#if selected}}checked data-default{{/if}}\r\n               {{#if ../required}}required{{/if}}\r\n               aria-label=\"{{this.label}}\"\r\n        >\r\n        <label class=\"form-option form-option-swatch\" for=\"attribute_swatch_{{../id}}_{{id}}\" data-product-attribute-value=\"{{id}}\">\r\n            {{#if image}}\r\n                <span class='form-option-variant form-option-variant--pattern' title=\"{{this.label}}\" style=\"background-image: url('{{getImage image \"swatch_option_size\"}}');\"></span>\r\n            {{/if}}\r\n            {{#if data.[2]}}\r\n                <span class='form-option-variant form-option-variant--color' title=\"{{this.label}}\" style=\"background-color: #{{data.[0]}}\"></span>\r\n                <span class='form-option-variant form-option-variant--color' title=\"{{this.label}}\" style=\"background-color: #{{data.[1]}}\"></span>\r\n                <span class='form-option-variant form-option-variant--color' title=\"{{this.label}}\" style=\"background-color: #{{data.[2]}}\"></span>\r\n            {{else}}\r\n                {{#if data.[1]}}\r\n                    <span class='form-option-variant form-option-variant--color' title=\"{{this.label}}\" style=\"background-color: #{{data.[0]}}\"></span>\r\n                    <span class='form-option-variant form-option-variant--color' title=\"{{this.label}}\" style=\"background-color: #{{data.[1]}}\"></span>\r\n                {{else}}\r\n                    {{#if data.[0]}}\r\n                        <span class='form-option-variant form-option-variant--color' title=\"{{this.label}}\" style=\"background-color: #{{data.[0]}}\"></span>\r\n                    {{/if}}\r\n                {{/if}}\r\n            {{/if}}\r\n            {{#if pattern}}\r\n                <span class=\"form-option-expanded\">\r\n                    <span class=\"form-option-image\" style=\"background-image: url('{{getImage image 'core-swatch'}}');\"></span>\r\n                </span>\r\n            {{/if}}\r\n        </label>\r\n    </div>\r\n    {{/each}}\r\n</div>\r\n",
  "components/products/options/set-select": "<div class=\"form-field\" data-product-attribute=\"set-select\">\r\n    <label class=\"form-label form-label--alternate form-label--inlineSmall\" for=\"attribute_select_{{id}}\">\r\n        {{ this.display_name }}:\r\n\r\n        {{> components/common/requireness-msg}}\r\n    </label>\r\n\r\n    <select class=\"form-select form-select--small\" name=\"attribute[{{this.id}}]\" id=\"attribute_select_{{id}}\" {{#if required}}required{{/if}}>\r\n        <option value=\"\">{{lang 'products.choose_options'}}</option>\r\n        {{#each this.values}}\r\n            <option data-product-attribute-value=\"{{id}}\" value=\"{{id}}\" {{#if selected}}selected data-default{{/if}}>{{label}}</option>\r\n        {{/each}}\r\n    </select>\r\n</div>\r\n",
  "components/products/options/textarea": "<div class=\"form-field\" data-product-attribute=\"textarea\">\r\n    <label class=\"form-label form-label--alternate form-label--inlineSmall\" for=\"attribute_textarea_{{id}}\">\r\n        {{display_name}}:\r\n\r\n        {{> components/common/requireness-msg}}\r\n    </label>\r\n\r\n    <textarea class=\"form-input\" id=\"attribute_textarea_{{id}}\" name=\"attribute[{{id}}]\" {{#if required}}required{{/if}} {{#if max_length}}maxlength={{max_length}}{{/if}}>{{prefill}}</textarea>\r\n</div>\r\n",
  "components/common/responsive-img": "{{!--\r\nThis file implements the lazysizes srcset pattern (as seen on\r\nhttps://github.com/aFarkas/lazysizes#modern-transparent-srcset-pattern) for maximum performance on modern browsers\r\nand reasonable compatibility with legacy browsers.\r\n\r\nThere are a few important arguments to know about when using this component:\r\n`lazyload`:\r\n    - If set to 'lazyload+lqip', will load a low-res image which will be replaced by lazysizes - ensuring that SOME\r\n    content is shown immediately on page load. Without LQIP, a transparent gif will be used instead, which reduces\r\n    the number of requests needed to load the page, making it even faster.\r\n    - If set to 'lazyload', the browser will not load the full-size image at first, instead the lazysizes plugin will\r\n        load it progressively after page load. This improves the load speed of the page, but it should be disabled for\r\n        high-priority above-the-fold images.\r\n    - If set to 'disabled', will not attempt to lazyload the image and instead tell the browser to load it immediately.\r\n        Use this for high-priority images that are above the fold.\r\n\r\n`fallback_size`:\r\n    This is the size to use for this image in legacy browsers that do not support srcset.\r\n    Can be defined as a pixel bounding-box size (e.g. \"123x123) or inherent width (e.g. \"123w\").\r\n\r\n`class`:\r\n    The CSS classes to add to the image, e.g. \"card-image\". If lazyloading is enabled, all images will have the\r\n    \"lazyload\" class so that lazysizes will target them automatically.\r\n\r\n`otherAttributes`:\r\n    Any other HTML attributes you want on the img tag, for example \"height='100' width='100'\"\r\n\r\n`default_image`:\r\n    The default image to use if `image` is undefined or falsy. Should be a theme asset, usually defined as a relative\r\n    path in the theme config. If a default image is not provided, you'll get an image tag with no image if the primary\r\n    image is undefined.\r\n\r\n`lqip_size`:\r\n    If you want to specify a particular size for the LQIP image, you can do so with this argument. A default of 80\r\n    pixels wide will be used otherwise. This argument has no effect if the lazyload mode is not \"lazyload+lqip\".\r\n\r\n--}}\r\n<img {{#if image}}{{!-- Get the default image for legacy browsers that do not support srcset\r\n--}}src=\"{{getImageSrcset image 1x=(default fallback_size '160w')}}\" alt=\"{{image.alt}}\" title=\"{{image.alt}}\" {{!--\r\n  Allow lazysizes to generate the 'sizes' attribute automatically --}}data-sizes=\"auto\"\r\n  {{#unless lazyload '==' 'disabled'}}\r\n    {{#if lazyload '==' 'lazyload+lqip'}}\r\n    {{!-- If we want a LQIP, include it as the default srcset (will be overwritten by lazysizes) --}}\r\n    srcset=\"{{getImageSrcset image 1x=(default lqip_size '80w')}}\"\r\n    {{else}}\r\n      {{!-- If we don't want a LQIP, use a 1px transparent gif for the stand-in image\r\n            This requires no additional network request, so it's fast --}}\r\n    srcset=\"data:image/gif;base64,R0lGODlhAQABAIAAAP///wAAACH5BAEAAAAALAAAAAABAAEAAAICRAEAOw==\"\r\n    {{/if}}\r\n{{/unless}}\r\n{{!-- If lazyloading is disabled, just use \"srcset\". If it is not disabled, use \"data-srcset\" so lazysizes will use\r\n      this after page load --}}\r\n{{!--\r\nGenerate the srcset string using the default sizes defined in the helper. This will allow the browser to\r\npick the best-sized image based on its own understanding of how it will render the page.\r\n--}}\r\n{{#unless lazyload '==' 'disabled'}}data-{{/unless}}srcset=\"{{getImageSrcset image use_default_sizes=true }}\"\r\n{{else if default_image}}src=\"{{cdn default_image}}\"{{/if}}\r\nclass=\"{{#unless lazyload '==' 'disabled'}}lazyload{{/unless}}{{#if class}} {{class}}{{/if}}\"\r\n{{#if lazyload '==' 'lazyload'}}loading=\"lazy\"{{/if}}\r\n{{otherAttributes}} />\r\n",
  "components/common/requireness-msg": "<small>\r\n    {{#if required}}{{lang 'common.required'}}{{else}}{{lang 'common.optional'}}{{/if}}\r\n</small>\r\n"
}