{
  "components/carousel": "<section class=\"heroCarousel\"\r\n    data-slick='{\r\n        \"arrows\": {{arrows}},\r\n        \"mobileFirst\": true,\r\n        \"slidesToShow\": 1,\r\n        \"slidesToScroll\": 1,\r\n        \"autoplay\": true,\r\n        \"autoplaySpeed\": {{carousel.swap_frequency}},\r\n        \"lazyLoad\": \"anticipated\",\r\n        \"slide\": \".js-hero-slide\",\r\n        \"prevArrow\": \".js-hero-prev-arrow\",\r\n        \"nextArrow\": \".js-hero-next-arrow\"\r\n    }'\r\n    data-dots-labels='{\r\n        \"dotAriaLabel\": \"{{lang 'carousel.dotAriaLabel'}}\",\r\n        \"activeDotAriaLabel\": \"{{lang 'carousel.activeDotAriaLabel'}}\"\r\n    }'>\r\n    {{#and arrows (if carousel.slides.length '>' 1)}}\r\n    <button aria-label=\"{{lang 'carousel.arrowAriaLabel'}} {{carousel.slides.length}}\" class=\"js-hero-prev-arrow slick-prev slick-arrow\"></button>\r\n    {{/and}}\r\n    {{#each carousel.slides}}\r\n    {{#if button_text}}\r\n    <div class=\"js-hero-slide\">\r\n    {{else}}\r\n    <a href=\"{{url}}\" class=\"js-hero-slide\" aria-label=\"{{#if this.alt_text.length '!=' 0}}{{this.alt_text}}{{else}}{{lang 'common.carousel_slide_number' slide_number=(add @index 1)}}{{/if}}\">\r\n    {{/if}}\r\n        <div class=\"heroCarousel-slide {{#if ../theme_settings.homepage_stretch_carousel_images}}stretch{{/if}} {{#if @first}}heroCarousel-slide--first{{/if}}\">\r\n            <div class=\"heroCarousel-image-wrapper\">\r\n            {{#if @first}}\r\n                {{> components/common/responsive-img\r\n                    image=stencil_image\r\n                    class=\"heroCarousel-image\"\r\n                    fallback_size='1280w'\r\n                    lazyload='disabled'\r\n                }}\r\n            {{else}}\r\n                {{> components/common/responsive-img\r\n                    image=stencil_image\r\n                    class=\"heroCarousel-image\"\r\n                    fallback_size='1280w'\r\n                    lazyload='lazyload'\r\n                }}\r\n            {{/if}}\r\n            </div>\r\n            {{#if heading}}\r\n                {{> components/carousel-content show_background=true}}\r\n            {{else}}\r\n                {{#if text}}\r\n                    {{> components/carousel-content show_background=true}}\r\n                {{else}}\r\n                    {{#if button_text}}\r\n                        {{> components/carousel-content show_background=false}}\r\n                    {{/if}}\r\n                {{/if}}\r\n            {{/if}}\r\n        </div>\r\n    {{#if button_text}}\r\n    </div>\r\n    {{else}}\r\n    </a>\r\n    {{/if}}\r\n    {{/each}}\r\n    {{#and arrows (if carousel.slides.length '>' 1)}}\r\n    <button aria-label=\"{{lang 'carousel.arrowAriaLabel'}} {{carousel.slides.length}}\" class=\"js-hero-next-arrow slick-next slick-arrow\"></button>\r\n    {{/and}}\r\n    {{#if play_pause_button}}\r\n        <button\r\n            type=\"button\"\r\n            class=\"heroCarousel-play-pause-button js-hero-play-pause-button\"\r\n            aria-label=\"{{lang 'carousel.playPauseButton.ariaPause'}}\"\r\n            data-play=\"true\"\r\n            data-labels='{\r\n                \"play\": \"{{lang 'carousel.playPauseButtonPlay'}}\",\r\n                \"pause\": \"{{lang 'carousel.playPauseButtonPause'}}\",\r\n                \"ariaPlay\": \"{{lang 'carousel.playPauseButtonAriaPlay'}}\",\r\n                \"ariaPause\": \"{{lang 'carousel.playPauseButtonAriaPause'}}\"\r\n            }'>\r\n            {{lang 'carousel.playPauseButtonPause'}}\r\n        </button>\r\n    {{/if}}\r\n</section>\r\n",
  "components/common/responsive-img": "{{!--\r\nThis file implements the lazysizes srcset pattern (as seen on\r\nhttps://github.com/aFarkas/lazysizes#modern-transparent-srcset-pattern) for maximum performance on modern browsers\r\nand reasonable compatibility with legacy browsers.\r\n\r\nThere are a few important arguments to know about when using this component:\r\n`lazyload`:\r\n    - If set to 'lazyload+lqip', will load a low-res image which will be replaced by lazysizes - ensuring that SOME\r\n    content is shown immediately on page load. Without LQIP, a transparent gif will be used instead, which reduces\r\n    the number of requests needed to load the page, making it even faster.\r\n    - If set to 'lazyload', the browser will not load the full-size image at first, instead the lazysizes plugin will\r\n        load it progressively after page load. This improves the load speed of the page, but it should be disabled for\r\n        high-priority above-the-fold images.\r\n    - If set to 'disabled', will not attempt to lazyload the image and instead tell the browser to load it immediately.\r\n        Use this for high-priority images that are above the fold.\r\n\r\n`fallback_size`:\r\n    This is the size to use for this image in legacy browsers that do not support srcset.\r\n    Can be defined as a pixel bounding-box size (e.g. \"123x123) or inherent width (e.g. \"123w\").\r\n\r\n`class`:\r\n    The CSS classes to add to the image, e.g. \"card-image\". If lazyloading is enabled, all images will have the\r\n    \"lazyload\" class so that lazysizes will target them automatically.\r\n\r\n`otherAttributes`:\r\n    Any other HTML attributes you want on the img tag, for example \"height='100' width='100'\"\r\n\r\n`default_image`:\r\n    The default image to use if `image` is undefined or falsy. Should be a theme asset, usually defined as a relative\r\n    path in the theme config. If a default image is not provided, you'll get an image tag with no image if the primary\r\n    image is undefined.\r\n\r\n`lqip_size`:\r\n    If you want to specify a particular size for the LQIP image, you can do so with this argument. A default of 80\r\n    pixels wide will be used otherwise. This argument has no effect if the lazyload mode is not \"lazyload+lqip\".\r\n\r\n--}}\r\n<img {{#if image}}{{!-- Get the default image for legacy browsers that do not support srcset\r\n--}}src=\"{{getImageSrcset image 1x=(default fallback_size '160w')}}\" alt=\"{{image.alt}}\" title=\"{{image.alt}}\" {{!--\r\n  Allow lazysizes to generate the 'sizes' attribute automatically --}}data-sizes=\"auto\"\r\n  {{#unless lazyload '==' 'disabled'}}\r\n    {{#if lazyload '==' 'lazyload+lqip'}}\r\n    {{!-- If we want a LQIP, include it as the default srcset (will be overwritten by lazysizes) --}}\r\n    srcset=\"{{getImageSrcset image 1x=(default lqip_size '80w')}}\"\r\n    {{else}}\r\n      {{!-- If we don't want a LQIP, use a 1px transparent gif for the stand-in image\r\n            This requires no additional network request, so it's fast --}}\r\n    srcset=\"data:image/gif;base64,R0lGODlhAQABAIAAAP///wAAACH5BAEAAAAALAAAAAABAAEAAAICRAEAOw==\"\r\n    {{/if}}\r\n{{/unless}}\r\n{{!-- If lazyloading is disabled, just use \"srcset\". If it is not disabled, use \"data-srcset\" so lazysizes will use\r\n      this after page load --}}\r\n{{!--\r\nGenerate the srcset string using the default sizes defined in the helper. This will allow the browser to\r\npick the best-sized image based on its own understanding of how it will render the page.\r\n--}}\r\n{{#unless lazyload '==' 'disabled'}}data-{{/unless}}srcset=\"{{getImageSrcset image use_default_sizes=true }}\"\r\n{{else if default_image}}src=\"{{cdn default_image}}\"{{/if}}\r\nclass=\"{{#unless lazyload '==' 'disabled'}}lazyload{{/unless}}{{#if class}} {{class}}{{/if}}\"\r\n{{#if lazyload '==' 'lazyload'}}loading=\"lazy\"{{/if}}\r\n{{otherAttributes}} />\r\n",
  "components/carousel-content": "<div class=\"heroCarousel-content{{#unless show_background}} heroCarousel-content--empty{{/unless}}\">\r\n    <span class=\"heroCarousel-title\">{{{heading}}}</span>\r\n    <p class=\"heroCarousel-description\">{{{text}}}</p>\r\n    {{#if button_text}}\r\n        <a href=\"{{url}}\" aria-label=\"{{#if this.alt_text.length '!=' 0}}{{this.alt_text}}{{else}}{{lang 'common.carousel_slide_number' slide_number=(add @index 1)}}{{/if}}, {{button_text}}\" class=\"heroCarousel-action button button--primary button--large\">{{button_text}}</a>\r\n    {{/if}}\r\n</div>\r\n"
}