{
  "pages/account/recent-items": "{{#partial \"page\"}}\n<div class=\"account\">\n    {{> components/common/breadcrumbs breadcrumbs=breadcrumbs}}\n    <h2 class=\"page-heading\">{{lang 'account.recent_items.heading' }}</h2>\n    {{> components/account/navigation account_page='recent_items'}}\n\n    {{#unless customer.recently_viewed_products.items}}\n        {{> components/common/alert/alert-info (lang 'account.recent_items.no_items')}}\n    {{/unless}}\n\n    <form action=\"{{urls.compare}}\" method=\"post\">\n        {{> components/products/grid products=customer.recently_viewed_products.items show_compare=customer.recently_viewed_products.show_compare}}\n    </form>\n</div>\n{{/partial}}\n{{> layout/base}}\n",
  "components/common/breadcrumbs": "<nav aria-label=\"Breadcrumb\">\n    <ol class=\"breadcrumbs\" itemscope itemtype=\"http://schema.org/BreadcrumbList\">\n        {{#unless theme_settings.hide_breadcrumbs }}\n            {{#each breadcrumbs}}\n                <li class=\"breadcrumb {{#if @last}}is-active{{/if}}\" itemprop=\"itemListElement\" itemscope itemtype=\"http://schema.org/ListItem\">\n                    <a class=\"breadcrumb-label\"\n                       itemprop=\"item\"\n                       href=\"{{url}}\"\n                       {{#if @last}}aria-current=\"page\"{{/if}}\n                    >\n                        <span itemprop=\"name\">{{name}}</span>\n                    </a>\n                    <meta itemprop=\"position\" content=\"{{add @index 1}}\" />\n                </li>\n            {{/each}}\n        {{/unless}}\n    </ol>\n</nav>\n",
  "components/account/navigation": "<nav class=\"navBar navBar--sub navBar--account\">\n    <ul class=\"navBar-section\">\n        {{#if account_page '===' 'orders'}}\n            {{#if page_type '===' 'account_order'}}\n                <li class=\"navBar-item is-active\">\n                    <a class=\"navBar-action\" href=\"{{urls.account.orders.all}}\">{{lang 'account.nav.orders'}}</a>\n                </li>\n            {{else}}\n                <li class=\"navBar-item is-active\">{{lang 'account.nav.orders'}}</li>\n            {{/if}}\n        {{else}}\n            <li class=\"navBar-item\">\n                <a class=\"navBar-action\" href=\"{{urls.account.orders.all}}\">{{lang 'account.nav.orders'}}</a>\n            </li>\n        {{/if}}\n        {{#if settings.returns_enabled}}\n            {{#if account_page '===' 'returns'}}\n                <li class=\"navBar-item is-active\">{{lang 'account.nav.returns'}}</li>\n            {{else}}\n                <li class=\"navBar-item\">\n                    <a class=\"navBar-action\" href=\"{{urls.account.returns}}\">{{lang 'account.nav.returns'}}</a>\n                </li>\n            {{/if}}\n        {{/if}}\n        {{#if account_page '===' 'messages'}}\n            <li class=\"navBar-item is-active\">{{lang 'account.nav.messages' num_new_messages=customer.num_new_messages}}</li>\n        {{else}}\n            <li class=\"navBar-item\">\n                <a class=\"navBar-action\" href=\"{{urls.account.inbox}}\">{{lang 'account.nav.messages' num_new_messages=customer.num_new_messages}}</a>\n            </li>\n        {{/if}}\n        {{#if account_page '===' 'addresses'}}\n            <li class=\"navBar-item is-active\">{{lang 'account.nav.addresses'}}</li>\n        {{else}}\n            <li class=\"navBar-item\">\n                <a class=\"navBar-action\" href=\"{{urls.account.addresses}}\">{{lang 'account.nav.addresses'}}</a>\n            </li>\n        {{/if}}\n        {{#if settings.show_payment_methods}}\n            {{#if account_page '===' 'payment_methods'}}\n                <li class=\"navBar-item is-active\">{{lang 'account.nav.payment_methods'}}</li>\n            {{else}}\n                <li class=\"navBar-item\">\n                    <a class=\"navBar-action\" href=\"{{urls.account.payment_methods.all}}\">{{lang 'account.nav.payment_methods'}}</a>\n                </li>\n            {{/if}}\n        {{/if}}\n        {{#if settings.show_wishlist}}\n            {{#if account_page '===' 'wishlists'}}\n                <li class=\"navBar-item is-active\">{{lang 'account.nav.wishlists' num_wishlists=customer.num_wishlists}}</li>\n            {{else}}\n                <li class=\"navBar-item\">\n                    <a class=\"navBar-action\" href=\"{{urls.account.wishlists.all}}\">{{lang 'account.nav.wishlists' num_wishlists=customer.num_wishlists}}</a>\n                </li>\n            {{/if}}\n        {{/if}}\n        {{#if account_page '===' 'recent_items'}}\n            <li class=\"navBar-item is-active\">{{lang 'account.nav.recently_viewed'}}</li>\n        {{else}}\n            <li class=\"navBar-item\">\n                <a class=\"navBar-action\" href=\"{{urls.account.recent_items}}\">{{lang 'account.nav.recently_viewed'}}</a>\n            </li>\n        {{/if}}\n        {{#if account_page '===' 'settings'}}\n            <li class=\"navBar-item is-active\">{{lang 'account.nav.settings'}}</li>\n        {{else}}\n            <li class=\"navBar-item\">\n                <a class=\"navBar-action\" href=\"{{urls.account.details}}\">{{lang 'account.nav.settings'}}</a>\n            </li>\n        {{/if}}\n    </ul>\n</nav>\n",
  "components/products/grid": "<ul class=\"productGrid\">\n    {{#each products}}\n    <li class=\"product\">\n            {{>components/products/card settings=../settings show_compare=../show_compare show_rating=../settings.show_product_rating theme_settings=../theme_settings customer=../customer event=../event position=(add @index 1)}}\n    </li>\n    {{/each}}\n</ul>\n",
  "components/common/alert/alert-info": "<div class=\"alertBox alertBox--info\">\n    <div class=\"alertBox-column alertBox-icon\">\n        <icon glyph=\"ic-success\" class=\"icon\" aria-hidden=\"true\"><svg xmlns=\"http://www.w3.org/2000/svg\" width=\"24\" height=\"24\" viewBox=\"0 0 24 24\"><path d=\"M12 2C6.48 2 2 6.48 2 12s4.48 10 10 10 10-4.48 10-10S17.52 2 12 2zm1 15h-2v-2h2v2zm0-4h-2V7h2v6z\"></path></svg></icon>\n    </div>\n    <p class=\"alertBox-column alertBox-message\">\n        <span>{{{this}}}</span>\n    </p>\n</div>\n",
  "layout/base": "<!DOCTYPE html>\n<html class=\"no-js\" lang=\"{{ locale_name }}\">\n    <head>\n        <title>{{ head.title }}</title>\n        {{{ resourceHints }}}\n        {{{ head.meta_tags }}}\n        {{{ head.config }}}\n        {{#block \"head\"}} {{/block}}\n\n        <link href=\"{{ head.favicon }}\" rel=\"shortcut icon\">\n        <meta name=\"viewport\" content=\"width=device-width, initial-scale=1\">\n\n        <script>\n            {{!-- Change document class from no-js to js so we can detect this in css --}}\n            document.documentElement.className = document.documentElement.className.replace('no-js', 'js');\n        </script>\n\n        {{> components/common/polyfill-script }}\n\n        {{!-- Load Lazysizes script ASAP so images will appear --}}\n        <script>\n            {{!-- Only load visible elements until the onload event fires, after which preload nearby elements. --}}\n            window.lazySizesConfig = window.lazySizesConfig || {};\n            window.lazySizesConfig.loadMode = 1;\n        </script>\n        <script async src=\"{{cdn 'assets/dist/theme-bundle.head_async.js'}}\"></script>\n\n        <script src=\"https://ajax.googleapis.com/ajax/libs/webfont/1.6.26/webfont.js\"></script>\n\n        <script>\n            WebFont.load({\n                custom: {\n                    families: ['Karla', 'Roboto', 'Source Sans Pro']\n                },\n                classes: false\n            });\n        </script>\n\n        {{ getFontsCollection }}\n        {{{stylesheet '/assets/css/theme.css'}}}\n\n        {{{head.scripts}}}\n\n\n        {{~inject 'zoomSize' theme_settings.zoom_size}}\n        {{~inject 'productSize' theme_settings.product_size}}\n        {{~inject 'showAdminBar' theme_settings.show-admin-bar}}\n        {{~inject 'genericError' (lang 'common.generic_error')}}\n        {{~inject 'maintenanceModeSettings' settings.maintenance}}\n        {{~inject 'adminBarLanguage' (langJson 'admin')}}\n        {{~inject 'urls' urls}}\n        {{~inject 'secureBaseUrl' settings.secure_base_url}}\n        {{~inject 'cartId' cart_id}}\n        {{~inject 'channelId' settings.channel_id}}\n        {{~inject 'template' template}}\n        {{~inject 'validationDictionaryJSON' (langJson 'validation_messages')}}\n        {{~inject 'validationFallbackDictionaryJSON' (langJson 'validation_fallback_messages')}}\n        {{~inject 'validationDefaultDictionaryJSON' (langJson 'default_messages')}} \n    </head>\n    <body>\n        <svg data-src=\"{{cdn 'img/icon-sprite.svg'}}\" class=\"icons-svg-sprite\"></svg>\n\n        {{> components/ob-custom/ob-header }}\n        {{> components/common/body }}\n        {{> components/ob-custom/ob-footer }}\n\n        <script>window.__webpack_public_path__ = \"{{cdn 'assets/dist/'}}\";</script>\n        <script src=\"{{cdn 'assets/dist/theme-bundle.main.js'}}\"></script>\n        <script>\n            {{!-- Exported in app.js --}}\n            window.stencilBootstrap(\"{{page_type}}\", {{jsContext}}).load();\n        </script>\n\n        {{{footer.scripts}}}\n    </body>\n</html>\n",
  "components/ob-custom/ob-header": "<a href=\"#main-content\" class=\"skip-to-main-link\">{{lang 'header.skip_to_main'}}</a>\n{{#if banners.top}}\n<div class=\"banners\" data-banner-location=\"top\">\n    {{#each (limit banners.top_metadata 1)}}\n    <div class=\"banner\" data-event-type=\"promotion\" data-entity-id=\"{{this.id}}\" data-name=\"{{this.banner-name}}\" data-position=\"{{this.location}}\" data-banner-id=\"{{this.banner-name}}\">\n        <div data-event-type=\"promotion-click\">\n            {{{this.content}}}\n        </div>\n    </div>\n    {{/each}}\n</div>\n{{/if}}\n<header class=\"header\" role=\"banner\">\n    <a href=\"#\" class=\"mobileMenu-toggle\" data-mobile-menu-toggle=\"menu\">\n        <span class=\"mobileMenu-toggleIcon\">Toggle menu</span>\n    </a>\n\n    <div class=\"container header-container\">\n        {{#if page_type '===' 'default'}}\n            <h1 class=\"header-logo header-logo--{{theme_settings.logo-position}}\">\n                <a href=\"/\"><img src=\"{{cdn 'assets/img/ob-custom/logo-blue.png'}}\" alt=\"\" /></a>\n            </h1>\n        {{else}}\n            <div class=\"header-logo header-logo--{{theme_settings.logo-position}}\">\n                <a href=\"/\"><img src=\"{{cdn 'assets/img/ob-custom/logo-blue.png'}}\" alt=\"\" /></a>\n            </div>\n        {{/if}}\n        <div class=\"navPages-container\" id=\"menu\" data-menu>\n            {{> components/ob-custom/ob-navigation-menu}}\n        </div>\n        <div class=\"navPages-quickSearch ob-desktop\">\n            {{> components/common/quick-search name='nav-menu-quick-search'}}\n        </div>\n    </div>\n</header>\n{{{region name=\"header_bottom--global\"}}}\n{{{region name=\"header_bottom\"}}}\n\n<a href=\"\" class=\"skip-to-top\">\n    <svg>\n        <use xmlns:xlink=\"http://www.w3.org/1999/xlink\" xlink:href=\"#icon-ob-arrow-up\"></use>\n    </svg>\n</a>\n",
  "components/common/body": "<main class=\"body\" id='main-content' role='main' data-currency-code=\"{{currency_selector.active_currency_code}}\">\n    {{#block \"hero\"}} {{/block}}\n    <div class=\"container\">\n        {{#block \"page\"}} {{/block}}\n    </div>\n    {{> components/common/modal/modal}}\n    {{> components/common/alert/alert-modal}}\n</main>\n",
  "components/ob-custom/ob-footer": "{{#if banners.bottom}}\n    {{#if settings.data_tag_enabled}}\n        <div class=\"banners\" data-banner-location=\"bottom\">\n            {{#each (limit banners.bottom_metadata 1)}}\n                <div class=\"banner\" data-event-type=\"promotion\" data-entity-id=\"{{this.id}}\" data-name=\"{{this.banner-name}}\" data-position=\"{{this.location}}\" data-name=\"{{this.banner-name}}\">\n                    <div data-event-type=\"promotion-click\">\n                        {{{this.content}}}\n                    </div>\n                </div>\n            {{/each}}\n        </div>\n    {{else}}\n        <div class=\"banners\" data-banner-location=\"bottom\">\n            <div class=\"banner\">\n                {{{limit banners.bottom 1}}}\n            </div>\n        </div>\n    {{/if}}\n{{/if}}\n<footer class=\"footer\" role=\"contentinfo\">\n    <div class=\"container\">\n        <section class=\"footer-info row\">\n            <div class=\"col-md-8 col-sm-12\">\n                <article class=\"footer-info-col col-md-4 col-sm-4\" data-section-type=\"footer-webPages\">\n                    <h3 class=\"footer-info-heading\">About</h3>\n                    <ul class=\"footer-info-list\">\n                        <li>\n                            <a href=\"/why-mff/\">About MyFitFoods</a>\n                        </li>\n                        <li>\n                            <a href=\"/success-stories/\">Real Stories</a>\n                        </li>\n                        <li>\n                            <a href=\"/locations/\">Locations</a>\n                        </li>\n                        <li>\n                            <a href=\"/fit-club/\">Fit Club</a>\n                        </li>\n                        <li>\n                            <a href=\"/faq/\">FAQs</a>\n                        </li>\n                    </ul>\n                </article>\n                <article class=\"footer-info-col col-md-4 col-sm-4\" data-section-type=\"footer-webPages\">\n                    <h3 class=\"footer-info-heading\">Foods</h3>\n                    <ul class=\"footer-info-list\">\n                        <li>\n                            <a href=\"/quickstart/\">Shop All Meals</a>\n                        </li>\n                        <li>\n                            <a href=\"/breakfast/\">Breakfast</a>\n                        </li>\n                        <li>\n                            <a href=\"/lunch/\">Lunch</a>\n                        </li>\n                        <li>\n                            <a href=\"/dinner/\">Dinner</a>\n                        </li>\n                        <li>\n                            <a href=\"/snacks/\">Snacks</a>\n                        </li>\n                    </ul>\n                </article>\n                <article class=\"footer-info-col col-md-4 col-sm-4\" data-section-type=\"footer-webPages\">\n                    <h3 class=\"footer-info-heading\">Info</h3>\n                    <ul class=\"footer-info-list\">\n                        <li>\n                            <a href=\"/blog/\">The Fit Life Blog</a>\n                        </li>\n                        <!--<li>-->\n                        <!--    <a href=\"/brand-assets/\">Brand Assets</a>-->\n                        <!--</li>-->\n                        <li>\n                            <a href=\"/contact-us/\">Contact Us</a>\n                        </li>\n                        <li>\n                            <a href=\"/fitchecks/\">#Fitchecks</a>\n                        </li>\n                        <li>\n                            <a href=\"{{urls.sitemap}}\">{{lang 'sitemap.page_title'}}</a>\n                        </li>\n                    </ul>\n                </article>\n            </div>\n            <div class=\"col-md-4 col-sm-12\">\n                <article class=\"footer-info-col footer-social-col col-md-12\">\n                    <img src=\"{{cdn 'assets/img/ob-custom/logo-green.png'}}\" class=\"sub-logo\" alt=\"\" />\n\n                    <div class=\"social-block\">\n                        <a href=\"https://www.facebook.com/MyFitFoodsMeals\"><img src=\"{{cdn 'assets/img/ob-custom/facebook.png'}}\" alt=\"\" /></a>\n                        <a href=\"https://www.instagram.com/myfitfoodsofficial/\"><img src=\"{{cdn 'assets/img/ob-custom/instagram.png'}}\" alt=\"\" /></a>\n                        <span>#GIVEAFIT</span>\n                    </div>\n                </article>\n            </div>\n        </section>\n\n        <div class=\"footer-copyright\">\n            <div class=\"container\">\n                <div class=\"privacy-links\">\n                    <a href=\"/privacy-policy/\">Privacy Policy</a>\n                    <a href=\"/terms-of-service/\">Terms of Service</a>\n                </div>\n\n                <div class=\"footer-store\">\n                    <p>&copy; {{moment format=\"YYYY\"}} MyFitFoods, LLC.</p>\n                </div>\n            </div>\n        </div>\n    </div>\n</footer>\n",
  "components/products/card": "<article class=\"card {{#if alternate}}card--alternate{{/if}}\" {{#if settings.data_tag_enabled}} data-event-type=\"{{event}}\" data-entity-id=\"{{id}}\" data-position=\"{{position}}\" data-name=\"{{name}}\" data-product-category=\"{{#each category}}{{#if @last}}{{this}}{{else}}{{this}}, {{/if}}{{/each}}\" data-product-brand=\"{{brand.name}}\" data-product-price=\"{{#if price.with_tax}}{{price.with_tax.value}}{{else}}{{price.without_tax.value}}{{/if}}\"  {{/if}}>\n    <figure class=\"card-figure\">\n        {{#or price.sale_price_with_tax.value price.sale_price_without_tax.value}}\n            {{#if theme_settings.product_sale_badges '===' 'sash'}}\n                <div class=\"sale-flag-sash\">\n                    <span class=\"sale-text\">{{{theme_settings.pdp_sale_badge_label}}}</span>\n                </div>\n            {{else if theme_settings.product_sale_badges '===' 'topleft'}}\n                <div class=\"sale-flag-side\">\n                    <span class=\"sale-text\">{{{theme_settings.pdp_sale_badge_label}}}</span>\n                </div>\n            {{else if theme_settings.product_sale_badges '===' 'burst'}}\n                <div class=\"starwrap\">\n                    <div class=\"sale-text-burst\">{{{theme_settings.pdp_sale_badge_label}}}</div>\n                    <div class=\"sale-flag-star\"></div>\n                </div>\n            {{/if}}\n        {{/or}}\n        <a href=\"{{url}}\" \n           class=\"card-figure__link\"\n           aria-label=\"{{name}},{{> components/products/product-aria-label}}\"\n           {{#if settings.data_tag_enabled}} data-event-type=\"product-click\" {{/if}}\n        >\n            {{#each custom_fields}}\n                {{#if name '===' 'Gluten Free'}}\n                    {{#if value '===' 'Yes'}}\n                    <div class=\"sale-flag-side sale-flag-side--custom\" style=\"background-color:#c0ca7f; color:#67803b; text-transform:uppercase; font-weight:600;\">\n                        <span style=\"color:#67803b;\" class=\"sale-text\">Gluten Free</span>\n                    </div>\n                    {{/if}}\n                {{/if}}\n                {{#if name '===' 'New'}}\n                    {{#if value '===' 'Yes'}}\n                    <div class=\"sale-flag-side sale-flag-side--custom\" style=\"background-color:#67803b; color:#c0ca7f; text-transform:uppercase; font-weight:600; \">\n                        <span style=\"color:#c0ca7f;\" class=\"sale-text\">New Item</span>\n                    </div>\n                    {{/if}}    \n                {{/if}}\n                {{#if name '===' 'Low Carb'}}\n                    {{#if value '===' 'No'}}\n                    <div class=\"sale-flag-side sale-flag-side--custom\" style=\"background-color:#f0e4b2; color:#67803b; text-transform:uppercase; font-weight:600; \">\n                        <span style=\"color:#67803b;\" class=\"sale-text\">Low Glycemic Carb</span>\n                    </div>\n                    {{/if}}\n                {{/if}}\n                {{#if name '===' 'Low Carb'}}\n                    {{#if value '===' 'Yes'}}\n                    <div class=\"sale-flag-side sale-flag-side--custom\" style=\"background-color:#ffbf3c; text-transform:uppercase; font-weight:600; \">\n                        <span style=\"color:#ffffff;\" class=\"sale-text\">Low Carb</span>\n                    </div>\n                    {{/if}} \n                {{/if}}\n                {{#if name '===' '__badge'}}\n                    <div class=\"sale-flag-side sale-flag-side--custom\">\n                        <span class=\"sale-text\">{{{value}}}</span>\n                    </div>\n                {{/if}}\n            {{/each}}\n\n            <div class=\"card-img-container\">\n                {{> components/common/responsive-img\n                    image=image\n                    class=\"card-image\"\n                    fallback_size=theme_settings.productgallery_size\n                    lazyload=theme_settings.lazyload_mode\n                    default_image=theme_settings.default_image_product\n                }}\n            </div>\n        </a>\n\n        <figcaption class=\"card-figcaption\">\n            <div class=\"card-figcaption-body\">\n                {{#unless hide_product_quick_view}}\n                    {{#if theme_settings.show_product_quick_view}}\n                        {{#if settings.data_tag_enabled}}\n                            <button class=\"button button--small card-figcaption-button quickview\" data-event-type=\"product-click\" data-product-id=\"{{id}}\">{{lang 'products.quick_view'}}</button>\n                        {{else}}\n                            <button class=\"button button--small card-figcaption-button quickview\" data-product-id=\"{{id}}\">{{lang 'products.quick_view'}}</button>\n                        {{/if}}\n                    {{/if}}\n                {{/unless}}\n            </div>\n        </figcaption>\n    </figure>\n    <div class=\"card-body\">\n        {{#or customer (if theme_settings.restrict_to_login '!==' true)}}\n            {{#if show_cart_action}}\n                {{#if has_options}}\n                    <a href=\"{{url}}\" data-event-type=\"product-click\" class=\"button button--small card-figcaption-button ob-btn ob-btn-light-green ob-btn-inline\" data-product-id=\"{{id}}\">{{lang 'products.choose_options'}}</a>\n                {{/if}}\n                {{#if pre_order}}\n                    <a href=\"{{pre_order_add_to_cart_url}}\" data-event-type=\"product-click\" class=\"button button--small card-figcaption-button ob-btn ob-btn-light-green ob-btn-inline\">{{lang 'products.pre_order'}}</a>\n                {{/if}}\n                {{#if add_to_cart_url }}\n                    <a href=\"{{add_to_cart_url}}\" data-event-type=\"product-click\" data-button-type=\"add-cart\" class=\"button button--small card-figcaption-button ob-btn ob-btn-light-green ob-btn-inline\">{{lang 'products.add_to_cart'}}</a>\n                    <span class=\"product-status-message aria-description--hidden\">{{lang 'category.add_cart_announcement'}}</span>\n                {{/if}}\n                {{#if out_of_stock_message }}\n                    <a href=\"{{url}}\" data-event-type=\"product-click\" class=\"button button--small card-figcaption-button ob-btn ob-btn-light-green ob-btn-inline\" data-product-id=\"{{id}}\">{{out_of_stock_message}}</a>\n                {{/if}}\n            {{/if}}\n        {{/or}}\n        {{#and rating show_rating}}\n            <p class=\"card-text\" data-test-info-type=\"productRating\">\n                <span class=\"rating--small\">\n                    {{> components/products/ratings rating=rating}}\n                </span>\n            </p>\n        {{/and}}\n        {{#if brand.name}}\n            <p class=\"card-text\" data-test-info-type=\"brandName\">{{brand.name}}</p>\n        {{/if}}\n        <h3 class=\"card-title\">\n            <a aria-label=\"{{name}},{{> components/products/product-aria-label}}\"\n               href=\"{{url}}\" \n               {{#if settings.data_tag_enabled}} data-event-type=\"product-click\" {{/if}}>{{name}}</a>\n        </h3>\n\n        <div class=\"card-text\" data-test-info-type=\"price\">\n            {{#or customer (if theme_settings.restrict_to_login '!==' true)}}\n               {{#if customer.customer_group_name '===' \"Fit Club\"}}\n               <p class=\"reg-price\">{{customer.customer_group_name}} Discount Applied!</p>\n               <p class=\"fit-price\">${{toFixed (multiply price.without_tax.value 1.0) 2}} - You Save ${{toFixed (multiply price.without_tax.value 0.25) 2}}! </p>\n               {{else if customer.customer_group_name '===' \"BFF 50%\"}}\n               <p class=\"reg-price\">{{customer.customer_group_name}} Discount Applied!</p>\n               <p class=\"fit-price\">${{toFixed (multiply price.without_tax.value 1.0) 2}} - You Save ${{toFixed (multiply price.without_tax.value 1.0) 2}}! </p>\n               {{else if customer.customer_group_name '===' \"BFF 35%\"}}\n               <p class=\"reg-price\">{{customer.customer_group_name}} Discount Applied!</p>\n               <p class=\"fit-price\">${{toFixed (multiply price.without_tax.value 1.0) 2}} - You Save ${{toFixed (multiply price.without_tax.value 0.538462) 2}}! </p>\n               {{else if customer.customer_group_name '===' \"C&L 50%\"}}\n               <p class=\"reg-price\">{{customer.customer_group_name}} Discount Applied!</p>\n               <p class=\"fit-price\">${{toFixed (multiply price.without_tax.value 1.0) 2}} - You Save ${{toFixed (multiply price.without_tax.value 1.0) 2}}! </p>\n               {{else}}\n               <p class=\"reg-price\">Regular Price - ${{toFixed (multiply price.without_tax.value 1.0) 2}} </p>\n               <p class=\"fit-price\">Fit Club Price - ${{toFixed (multiply price.without_tax.value 0.8) 2}} </p>\n               {{/if}}\n            {{else}}\n                {{> components/common/login-for-pricing}}\n            {{/or}}\n        </div>\n        {{> components/products/bulk-discount-rates}}\n    </div>\n</article>\n",
  "components/common/polyfill-script": "<script>\n    {{!--\n        Check for modern browser features, and load polyfills if browser does not appear to support features\n        we need.\n\n            Polyfill approach is all or nothing - please import needed polyfills in /assets/js/polyfills.js\n\n        Inspired by https://philipwalton.com/articles/loading-polyfills-only-when-needed/\n            --}}\n    function browserSupportsAllFeatures() {\n        return window.Promise\n            && window.fetch\n            && window.URL\n            && window.URLSearchParams\n            && window.WeakMap\n            // object-fit support\n            && ('objectFit' in document.documentElement.style);\n    }\n\n    function loadScript(src) {\n        var js = document.createElement('script');\n        js.src = src;\n        js.onerror = function () {\n            console.error('Failed to load polyfill script ' + src);\n        };\n        document.head.appendChild(js);\n    }\n\n    if (!browserSupportsAllFeatures()) {\n        loadScript('{{cdn 'assets/dist/theme-bundle.polyfills.js'}}');\n    }\n</script>\n",
  "components/common/quick-search": "<div class=\"container\">\n    <form class=\"form\" onsubmit=\"return false\" data-url=\"{{urls.search}}\" data-quick-search-form>\n        <fieldset class=\"form-fieldset\">\n            <div class=\"form-field\">\n                <label class=\"is-srOnly\" for=\"{{name}}\">{{lang \"search.quick_search.input_label\"}}</label>\n                <input class=\"form-input\"\n                       data-search-quick\n                       name=\"{{name}}\"\n                       id=\"{{name}}\"\n                       data-error-message=\"{{lang 'search.error.empty_field'}}\"\n                       placeholder=\"{{lang 'search.quick_search.input_placeholder'}}\"\n                       autocomplete=\"off\"\n                >\n            </div>\n        </fieldset>\n    </form>\n    <span class=\"exit\">x</span>\n    <section class=\"quickSearchResults\" data-bind=\"html: results\"></section>\n    <p role=\"status\"\n       aria-live=\"polite\"\n       class=\"aria-description--hidden\"\n       data-search-aria-message-predefined-text=\"{{{lang 'search.results.quick_count_live'}}}\"\n    ></p>\n</div>\n",
  "components/ob-custom/ob-navigation-menu": "<nav class=\"navPages\">\n    <div class=\"navPages-quickSearch ob-mobile\">\n      {{> components/common/quick-search name='nav-menu-quick-search'}}\n    </div>\n\n    <ul class=\"navPages-list{{#if theme_settings.navigation_design '!==' 'simple'}} navPages-list-depth-max{{/if}}\">\n        <li class=\"navPages-item navPages-item-page\">\n            <a class=\"navPages-action\"\n               href=\"/quickstart\"\n               aria-label=\"Shop\">\n                Shop\n            </a>\n        </li>\n        <li class=\"navPages-item navPages-item-page\">\n            <a class=\"navPages-action{{#if 'Why MFF?' '==' ../page.title}} activePage{{/if}}\"\n               href=\"/why-mff\"\n               aria-label=\"Why MFF?\">\n                Why MFF?\n            </a>\n        </li>\n        <li class=\"navPages-item navPages-item-page\">\n            <a class=\"navPages-action{{#if 'Fit Club' '==' ../page.title}} activePage{{/if}}\"\n               href=\"/fit-club\"\n               aria-label=\"Fit Club\">\n                Fit Club\n            </a>\n        </li>\n        <li class=\"navPages-item navPages-item-page\">\n            <a class=\"navPages-action{{#if '21 Days' '==' ../page.title}} activePage{{/if}}\"\n               href=\"/21-day-challenge\"\n               aria-label=\"21 Days\">\n                21 Days\n            </a>\n        </li>\n        <li class=\"navPages-item navPages-item-page\">\n            <a class=\"navPages-action{{#if 'Locations' '==' ../page.title}} activePage{{/if}}\"\n               href=\"/locations\"\n               aria-label=\"Locations\">\n                Locations\n            </a>\n        </li>\n        <li class=\"navPages-item navPages-item-page\">\n            <a class=\"navPages-action{{#if 'Blog' '==' ../page.title}} activePage{{/if}}\"\n               href=\"/blog\"\n               aria-label=\"Blog\">\n                Blog\n            </a>\n        </li>\n        <li class=\"navPages-item navPages-item-page navPages-item-icon\">\n            {{#if customer}}\n                <a class=\"navPages-action\"\n                   href=\"{{urls.account.index}}\"\n                   aria-label=\"{{lang 'common.account'}}\"\n                >\n                 <svg><use xlink:href=\"#icon-account\" /></svg>\n                </a>\n            {{else}}\n                <a class=\"navPages-action\"\n                   href=\"{{urls.auth.login}}\"\n                   aria-label=\"{{lang 'common.login'}}\"\n                >\n                <svg class=\"ob-desktop\"><use xlink:href=\"#icon-account\" /></svg>\n                <span class=\"ob-mobile\">Account</span>\n                </a>\n            {{/if}}\n        </li>\n        <li class=\"navPages-item navPages-item-page navPages-item-icon\">\n            <a class=\"navPages-action\"\n               href=\"{{urls.cart}}\"\n               aria-label=\"{{lang 'cart.nav_aria_label'}}\"\n            >\n                <span class=\"navUser-item--sub navUser-item-cartLabel ob-desktop\">          \n                  <svg><use xlink:href=\"#icon-ob-basket\" /></svg>              \n                </span>\n                <span class=\"navUser-item--sub full-cart-qty ob-desktop\">(<span class=\"countPill cart-quantity\"></span>)</span>\n                <span class=\"ob-mobile\">\n                  View Cart\n                  <span class=\"navUser-item--sub full-cart-qty\">(<span class=\"countPill cart-quantity\"></span>)</span>\n                </span>\n            </a>\n        </li>\n        <li class=\"navPages-item navPages-item-page navPages-item-search navPages-item-icon\">\n          <a class=\"navPages-action ob-search-toggle\">\n            <svg>\n              <use xmlns:xlink=\"http://www.w3.org/1999/xlink\" xlink:href=\"#icon-ob-search\"></use>\n            </svg>\n          </a>\n        </li>\n    </ul>\n</nav>\n",
  "components/common/alert/alert-modal": "<div id=\"alert-modal\" class=\"modal modal--alert modal--small\" data-reveal data-prevent-quick-search-close>\n    <div class=\"swal2-icon swal2-error swal2-icon-show\"><span class=\"swal2-x-mark\"><span class=\"swal2-x-mark-line-left\"></span><span class=\"swal2-x-mark-line-right\"></span></span></div>\n\n    <div class=\"modal-content\"></div>\n\n    <div class=\"button-container\"><button type=\"button\" class=\"confirm button\" data-reveal-close>OK</button></div>\n</div>\n",
  "components/common/modal/modal": "<div id=\"modal\" class=\"modal\" data-reveal data-prevent-quick-search-close>\n    {{> components/common/modal/modal-close-btn}}\n    <div class=\"modal-content\"></div>\n    <div class=\"loadingOverlay\"></div>\n</div>\n",
  "components/products/product-aria-label": "{{#and price.price_range (if theme_settings.price_ranges '==' true)}}\n{{#and price.price_range.min.with_tax price.price_range.max.with_tax}}\n{{lang 'category.shop_by_price_range_aria' from=price.price_range.min.with_tax.formatted to=price.price_range.max.with_tax.formatted}}\n{{else}}\n{{lang 'category.shop_by_price_range_aria' from=price.price_range.min.without_tax.formatted to=price.price_range.max.without_tax.formatted}}\n{{/and}}\n{{else}}\n{{#if price.with_tax}}\n{{#if price.non_sale_price_with_tax}}\n{{theme_settings.pdp-non-sale-price-label}}{{price.non_sale_price_with_tax.formatted}},\n{{theme_settings.pdp-sale-price-label}}{{price.with_tax.formatted}}\n{{else}}\n{{price.with_tax.formatted}}                        \n{{/if}}\n{{else}}\n{{#if price.non_sale_price_without_tax}}\n{{theme_settings.pdp-non-sale-price-label}}{{price.non_sale_price_without_tax.formatted}},\n{{theme_settings.pdp-sale-price-label}}{{price.without_tax.formatted}}\n{{else}}\n{{price.without_tax.formatted}}\n{{/if}}\n{{/if}}\n{{/and}}\n",
  "components/products/ratings": "<span role=\"img\"\n      alt=\"{{lang 'products.reviews.rating_aria_label' current_rating=rating max_rating=5}}\"\n      title=\"{{lang 'products.reviews.rating_aria_label' current_rating=rating max_rating=5}}\"\n>\n    {{#for 1 5}}\n        {{#if ../this.rating '>=' $index}}\n            <span class=\"icon icon--ratingFull\">\n                <svg>\n                    <use xlink:href=\"#icon-star\" />\n                </svg>\n            </span>\n        {{else}}\n            <span class=\"icon icon--ratingEmpty\">\n                <svg>\n                    <use xlink:href=\"#icon-star\" />\n                </svg>\n            </span>\n        {{/if}}\n    {{/for}}\n</span>\n",
  "components/common/login-for-pricing": "<p translate>Log in for pricing</p>\n",
  "components/products/bulk-discount-rates": "{{#if bulk_discount_rates.length}}\n    {{#if product}}<dt class=\"productView-info-name\">{{lang 'products.bulk_pricing.title'}}</dt>{{/if}}\n    <dd class=\"productView-info-value\">\n        <a href=\"{{product.url}}#bulk_pricing\"\n           {{#unless is_ajax }}data-reveal-id=\"modal-bulk-pricing\"{{/unless}}>\n            {{lang 'products.bulk_pricing.view'}}\n        </a>\n    </dd>\n    <div id=\"modal-bulk-pricing\" class=\"modal modal--small\" data-reveal>\n        <div class=\"modal-header\">\n            <h2 class=\"modal-header-title\">{{lang 'products.bulk_pricing.modal_title'}}</h2>\n            {{> components/common/modal/modal-close-btn}}\n        </div>\n        <div class=\"modal-body\">\n            <p>{{lang 'products.bulk_pricing.instructions'}}</p>\n            <ul>\n                {{#each bulk_discount_rates}}\n                <li>\n                    {{lang 'products.bulk_pricing.range' min=min max=max}}\n                    {{#if type '===' 'percent'}}\n                    {{lang 'products.bulk_pricing.percent' discount=discount.formatted}}\n                    {{else if type '===' 'fixed'}}\n                    {{lang 'products.bulk_pricing.fixed' discount=discount.formatted}}\n                    {{else if type '===' 'price'}}\n                    {{lang 'products.bulk_pricing.price' discount=discount.formatted}}\n                    {{/if}}\n                </li>\n                {{/each}}\n            </ul>\n        </div>\n    </div>\n{{/if}}\n",
  "components/common/responsive-img": "{{!--\nThis file implements the lazysizes srcset pattern (as seen on\nhttps://github.com/aFarkas/lazysizes#modern-transparent-srcset-pattern) for maximum performance on modern browsers\nand reasonable compatibility with legacy browsers.\n\nThere are a few important arguments to know about when using this component:\n`lazyload`:\n    - If set to 'lazyload+lqip', will load a low-res image which will be replaced by lazysizes - ensuring that SOME\n    content is shown immediately on page load. Without LQIP, a transparent gif will be used instead, which reduces\n    the number of requests needed to load the page, making it even faster.\n    - If set to 'lazyload', the browser will not load the full-size image at first, instead the lazysizes plugin will\n        load it progressively after page load. This improves the load speed of the page, but it should be disabled for\n        high-priority above-the-fold images.\n    - If set to 'disabled', will not attempt to lazyload the image and instead tell the browser to load it immediately.\n        Use this for high-priority images that are above the fold.\n\n`fallback_size`:\n    This is the size to use for this image in legacy browsers that do not support srcset.\n    Can be defined as a pixel bounding-box size (e.g. \"123x123) or inherent width (e.g. \"123w\").\n\n`class`:\n    The CSS classes to add to the image, e.g. \"card-image\". If lazyloading is enabled, all images will have the\n    \"lazyload\" class so that lazysizes will target them automatically.\n\n`otherAttributes`:\n    Any other HTML attributes you want on the img tag, for example \"height='100' width='100'\"\n\n`default_image`:\n    The default image to use if `image` is undefined or falsy. Should be a theme asset, usually defined as a relative\n    path in the theme config. If a default image is not provided, you'll get an image tag with no image if the primary\n    image is undefined.\n\n`lqip_size`:\n    If you want to specify a particular size for the LQIP image, you can do so with this argument. A default of 80\n    pixels wide will be used otherwise. This argument has no effect if the lazyload mode is not \"lazyload+lqip\".\n\n--}}\n<img {{#if image}}{{!-- Get the default image for legacy browsers that do not support srcset\n--}}src=\"{{getImageSrcset image 1x=(default fallback_size '160w')}}\" alt=\"{{image.alt}}\" title=\"{{image.alt}}\" {{!--\n  Allow lazysizes to generate the 'sizes' attribute automatically --}}data-sizes=\"auto\"\n  {{#unless lazyload '==' 'disabled'}}\n    {{#if lazyload '==' 'lazyload+lqip'}}\n    {{!-- If we want a LQIP, include it as the default srcset (will be overwritten by lazysizes) --}}\n    srcset=\"{{getImageSrcset image 1x=(default lqip_size '80w')}}\"\n    {{else}}\n      {{!-- If we don't want a LQIP, use a 1px transparent gif for the stand-in image\n            This requires no additional network request, so it's fast --}}\n    srcset=\"data:image/gif;base64,R0lGODlhAQABAIAAAP///wAAACH5BAEAAAAALAAAAAABAAEAAAICRAEAOw==\"\n    {{/if}}\n{{/unless}}\n{{!-- If lazyloading is disabled, just use \"srcset\". If it is not disabled, use \"data-srcset\" so lazysizes will use\n      this after page load --}}\n{{!--\nGenerate the srcset string using the default sizes defined in the helper. This will allow the browser to\npick the best-sized image based on its own understanding of how it will render the page.\n--}}\n{{#unless lazyload '==' 'disabled'}}data-{{/unless}}srcset=\"{{getImageSrcset image use_default_sizes=true }}\"\n{{else if default_image}}src=\"{{cdn default_image}}\"{{/if}}\nclass=\"{{#unless lazyload '==' 'disabled'}}lazyload{{/unless}}{{#if class}} {{class}}{{/if}}\"\n{{#if lazyload '==' 'lazyload'}}loading=\"lazy\"{{/if}}\n{{otherAttributes}} />\n",
  "components/common/modal/modal-close-btn": "<button class=\"modal-close\"\n        type=\"button\"\n        title=\"{{lang 'common.close'}}\"\n        {{additional_attr}}\n>\n    <span class=\"aria-description--hidden\">{{lang 'common.close'}}</span>\n    <span aria-hidden=\"true\">&#215;</span>\n</button>\n"
}