{
  "pages/custom/page/ob-why-mff": "{{#partial \"page\"}}\r\n\r\n<style>\r\n    .body {\r\n        margin: 0;\r\n    }\r\n    .body > .container {\r\n        max-width: 100%;\r\n        padding: 0;\r\n    }\r\n</style>\r\n\r\n<div class=\"main full why-mff\">\r\n    {{> components/ob-custom/why-mff/top-banner}}\r\n    {{> components/ob-custom/why-mff/made-fresh}}\r\n    {{> components/ob-custom/why-mff/food-industry}}\r\n    {{> components/ob-custom/why-mff/top-reasons}}\r\n    {{> components/ob-custom/why-mff/testimonial}}\r\n    {{> components/ob-custom/why-mff/where-it-began}}\r\n    {{> components/ob-custom/why-mff/meet-mario}}\r\n    {{> components/ob-custom/why-mff/newsletter}}\r\n</div>\r\n\r\n{{/partial}}\r\n\r\n{{> layout/base}}\r\n",
  "components/ob-custom/why-mff/top-banner": "<div class=\"ob-content-panel ob-mff-top-banner\">\r\n\t<div class=\"bg-overlay\">\r\n\t\t<div class=\"container\">\r\n\t\t\t<h1 class=\"ob-heading-xl ob-text-white\">WHY MYFITFOODS?</h1>\r\n\t\t\t<p class=\"ob-paragraph-large ob-text-white\">\r\n\t\t\t\tYou’ve got options for ready-to-eat meals, it’s no secret. What might be a secret is why MyFitFoods is the best choice.\r\n\t\t\t</p>\r\n\t\t</div>\r\n\t</div>\r\n</div>\n",
  "components/ob-custom/why-mff/made-fresh": "<div class=\"ob-content-panel ob-content-panel-75 made-fresh\">\r\n\t<div class=\"container\">\r\n\t\t<div class=\"row\">\r\n\t\t\t<div class=\"col-md-6 col-sm-6\">\r\n\t\t\t\t<img src=\"{{cdn 'assets/img/ob-custom/meal-prep.jpg'}}\" alt=\"\" />\r\n\t\t\t</div>\r\n\t\t\t<div class=\"col-md-6 col-sm-6\">\r\n\t\t\t\t<h3 class=\"ob-heading-md\">HEALTHY, TASTY, & AFFORDABLE MEALS MADE FRESH DAILY</h3>\r\n\t\t\t\t<p>\r\n\t\t\t\t\tReal people need real food, real healthy food and this is what we do. We cook daily and use the freshest ingredients possible. When you eat right, you’ll be amazed at the results. “Let food be thy medicine, and let medicine be the food” -Hippocrates\r\n\t\t\t\t</p>\r\n\r\n\t\t\t\t<h3 class=\"ob-heading-md\">LIVES CHANGED WITH MYFITFOODS</h3>\r\n\r\n\t\t\t\t<img class=\"divider-bar\" src=\"{{cdn 'assets/img/ob-custom/divider-bar.png'}}\" alt=\"\" />\r\n\r\n\t\t\t\t<div class=\"population-blocks\">\r\n\t\t\t\t\t<div class=\"pop-block ob-paragraph-xl\">\r\n\t\t\t\t\t\t1,000\r\n\t\t\t\t\t\t<span>LIVES</span>\r\n\t\t\t\t\t</div>\r\n\t\t\t\t\t<div class=\"pop-block ob-paragraph-xl\">\r\n\t\t\t\t\t\t10,000\r\n\t\t\t\t\t\t<span>LIVES</span>\r\n\t\t\t\t\t</div>\r\n\t\t\t\t\t<div class=\"pop-block ob-paragraph-xl\">\r\n\t\t\t\t\t\t100,000\r\n\t\t\t\t\t\t<span>LIVES</span>\r\n\t\t\t\t\t</div>\r\n\t\t\t\t\t<div class=\"pop-block ob-paragraph-xl\">\r\n\t\t\t\t\t\t1,000,000\r\n\t\t\t\t\t\t<span>LIVES</span>\r\n\t\t\t\t\t</div>\r\n\t\t\t\t</div>\r\n\r\n\t\t\t\t<a href=\"../meals/\" class=\"ob-btn ob-btn-blue ob-btn-inline\">Are You Ready to Get Fit?</a>\r\n\t\t\t</div>\r\n\t\t</div>\r\n\t</div>\r\n</div>\n",
  "components/ob-custom/why-mff/food-industry": "<div class=\"ob-content-panel food-industry\">\r\n\t<div class=\"container\">\r\n\t\t<h2 class=\"ob-heading-lg ob-text-orange\">THE FOOD INDUSTRY IS BROKEN & PEOPLE EAT FOOD-LIKE PRODUCTS</h2>\r\n\t\t<p class=\"ob-paragraph-lg ob-text-white\">Our mission is to take care of you. Eat Fit Live Fit</p>\r\n\t</div>\r\n</div>\n",
  "components/ob-custom/why-mff/top-reasons": "<div class=\"ob-content-panel ob-content-panel-75 top-reasons\">\r\n\t<div class=\"container\">\r\n\t\t<div class=\"row\">\r\n\t\t\t<div class=\"col-md-5 col-sm-7 text-col\">\r\n\t\t\t\t<h2 class=\"ob-heading-lg\">THE TOP REASONS TO LOVE MYFITFOODS</h2>\r\n\r\n\t\t\t\t<div class=\"reason-item ob-paragraph-sm\">\r\n\t\t\t\t\tORGANIC SPICES W/ NO ADDITIVES, FILLERS, PRESERVATIVES OR COLORS\r\n\t\t\t\t</div>\r\n\t\t\t\t<div class=\"reason-item ob-paragraph-sm\">\r\n\t\t\t\t\tOUR CARBS ARE 100% GLUTEN FREE & LOW G.I.\r\n\t\t\t\t</div>\r\n\t\t\t\t<div class=\"reason-item ob-paragraph-sm\">\r\n\t\t\t\t\tALL FATS ARE ORGANIC & 100% PURE\r\n\t\t\t\t</div>\r\n\t\t\t\t<div class=\"reason-item ob-paragraph-sm\">\r\n\t\t\t\t\tPROTEINS ARE 85% OR LEANER\r\n\t\t\t\t</div>\r\n\t\t\t\t<div class=\"reason-item ob-paragraph-sm\">\r\n\t\t\t\t\tCONTAINERS ARE BPC FREE & 100% RECYCLABLE\r\n\t\t\t\t</div>\r\n\r\n\t\t\t\t<div class=\"btn-block\">\r\n\t\t\t\t\t<a href=\"../meals/\" class=\"ob-btn ob-btn-blue ob-btn-inline\">Get Fit Now</a>\r\n\t\t\t\t\t<a href=\"../success-stories/\" class=\"ob-btn ob-btn-inline\">Real Results</a>\r\n\t\t\t\t</div>\r\n\t\t\t</div>\r\n\t\t\t<div class=\"col-md-2 sub-logo-col\">\r\n\t\t\t\t<img class=\"mff-sub-reasons-logo\" src=\"{{cdn 'assets/img/ob-custom/mff-sub-logo.png'}}\" alt=\"\" />\r\n\t\t\t</div>\r\n\t\t\t<div class=\"col-md-5 col-sm-5 image-col\">\r\n\t\t\t\t<img src=\"{{cdn 'assets/img/ob-custom/food-boxes.jpg'}}\" alt=\"\" />\r\n\t\t\t</div>\r\n\t\t</div>\r\n\t</div>\r\n</div>\n",
  "components/ob-custom/why-mff/testimonial": "<div class=\"ob-content-panel ob-content-panel-75 ob-testimonials-panel\">\r\n\t<div class=\"container\">\r\n\t\t<div class=\"quotes-container\">\r\n\t\t\t<div class=\"quote\">\r\n\t\t\t\t<p class=\"ob-text-white\">\r\n\t\t\t\t\t“Being a mom of two and a teacher makes MyFitFoods a lifesaver. No more spending rare free time meal \r\n\t\t\t\t\tprepping for hours on end every Sunday.\"\r\n\t\t\t\t</p>\r\n\t\t\t\t<div class=\"source\">\r\n\t\t\t\t\t<span class=\"name\">Cassidy M.</span>\r\n\t\t\t\t\t<span class=\"location\">Houston, TX</span>\r\n\t\t\t\t</div>\r\n\t\t\t</div>\r\n\t\t</div>\r\n\t</div>\r\n</div>\n",
  "components/ob-custom/why-mff/where-it-began": "<div class=\"ob-content-panel ob-content-panel-75 where-it-began\">\r\n\t<div class=\"container\">\r\n\t\t<h2 class=\"ob-heading-lg\">WHERE IT ALL BEGAN</h2>\r\n\t\t<p class=\"ob-paragraph-lg\">Our founder wondered why there wasn’t one spot clients go could to to eat healthy. \r\n\t\tYou are what you eat and nutrition is 80% of your results.</p>\r\n\r\n\t\t<img src=\"{{cdn 'assets/img/ob-custom/staff-1.jpg'}}\" alt=\"\" />\r\n\t</div>\r\n</div>\n",
  "components/ob-custom/why-mff/newsletter": "<div class=\"ob-content-panel ob-content-panel-75 mff-newsletter\">\r\n\t<div class=\"container\">\r\n\t\t<h2 class=\"ob-heading-lg\">DOES OUR STORY INSPIRE YOU?</h2>\r\n\t\t<p class=\"ob-paragraph-lg\">Subscribe today and start eating fit & living fit.</p>\r\n\t\t<form class=\"form\" action=\"{{urls.subscribe.action}}\" method=\"post\">\r\n\t\t    <fieldset class=\"form-fieldset\">\r\n\t\t        <input type=\"hidden\" name=\"action\" value=\"subscribe\">\r\n\t\t        <input type=\"hidden\" name=\"nl_first_name\" value=\"bc\">\r\n\t\t        <input type=\"hidden\" name=\"check\" value=\"1\">\r\n\t\t        <div class=\"form-field\">\r\n\t\t            <div class=\"form-prefixPostfix wrap\">\r\n\t\t                <input class=\"form-input\"\r\n\t\t                       id=\"nl_email\"\r\n\t\t                       name=\"nl_email\"\r\n\t\t                       type=\"email\"\r\n\t\t                       value=\"{{customer.email}}\"\r\n\t\t                       placeholder=\"{{lang 'newsletter.email_placeholder'}}\"\r\n\t\t                       aria-describedby=\"alertBox-message-text\"\r\n\t\t                >\r\n\t\t                <input class=\"button ob-btn ob-btn-blue form-prefixPostfix-button--postfix\"\r\n\t\t                       type=\"submit\"\r\n\t\t                       value=\"{{lang 'newsletter.subscribe_submit'}}\"\r\n\t\t                >\r\n\t\t            </div>\r\n\t\t            {{#if settings.show_newsletter_summary }}\r\n\t\t                <div class=\"footer-newsletter-summary\">{{settings.newsletter_summary}}</div>\r\n\t\t            {{/if}}\r\n\t\t        </div>\r\n\t\t    </fieldset>\r\n\t\t</form>\r\n\t\t<p class=\"ob-paragraph-md\">We’ll only send you exclusive member deals and updates.</p>\r\n\t</div>\r\n</div>\n",
  "components/ob-custom/why-mff/meet-mario": "<div class=\"ob-content-panel ob-content-panel-75 meet-mario\">\r\n\t<div class=\"container\">\r\n\t\t<div class=\"title-head\">\r\n\t\t\t<img src=\"{{cdn 'assets/img/ob-custom/mario.jpeg'}}\" alt=\"\" />\r\n\t\t\t<h2 class=\"ob-heading-lg\">MEET MARIO,<br />THE FOUNDER OF MYFITFOODS</h2>\r\n\t\t</div>\r\n\r\n\t\t<p>MyFitFoods was founded for simple reasons. We need a place to eat at that is healthy and affordable.</p>\r\n\t\t<p>I wanted a place where we could serve people and earn a good living. We focus on being genuine, providing the best product we can, getting our #fitfam results, and having fun doing it.</p>\r\n\t\t<p>We grind every day, but most days we aren’t working, we are living the dream, and that’s taking care of you! </p>\r\n\t\t<p>As a personal trainer, I saw many people work hard, get fit, but they never achieved the results they wanted. MyFitFoods is something that needed to be done. </p>\r\n\t\t<p>It’s been a hard road, but you aren’t defined by how you fail, you’re defined by how you live!</p>\r\n\t\t<p>You’re not too old, your metabolism isn’t messed up, you didn’t inherit your families genes, there’s nothing wrong with you, except for habits and what your eating. Create new habits, eat food that’s gonna power you up, get moving, and start living! </p>\r\n\t\t<p>Enjoy waking up in the mornings with purpose, own the day, live, get moving, and watch not just your body change, but your mentality too!</p>\r\n\t\t<p>It was through a lot of grit, struggle, blood, sweat, and tears that MyFitFoods was reborn! </p>\r\n\t\t<p>I hope you enjoy MyFitFoods V2. This is nothing but pure passion for me. Every single resource I have, has gone into MFFV2 along an incredible amount of work from the team.</p>\r\n\t\t<p>They are my heroes who take care of you every single day. We love what we do and we believe in what we do!</p>\r\n\t\t<p>-Mario Mendias, Founder & CEO</p>\r\n\t</div>\r\n</div>\r\n",
  "layout/base": "<!DOCTYPE html>\r\n<html class=\"no-js\" lang=\"{{ locale_name }}\">\r\n    <head>\r\n        <title>{{ head.title }}</title>\r\n        {{{ resourceHints }}}\r\n        {{{ head.meta_tags }}}\r\n        {{{ head.config }}}\r\n        {{#block \"head\"}} {{/block}}\r\n\r\n        <link href=\"{{ head.favicon }}\" rel=\"shortcut icon\">\r\n        <meta name=\"viewport\" content=\"width=device-width, initial-scale=1\">\r\n\r\n        <script>\r\n            {{!-- Change document class from no-js to js so we can detect this in css --}}\r\n            document.documentElement.className = document.documentElement.className.replace('no-js', 'js');\r\n        </script>\r\n\r\n        {{> components/common/polyfill-script }}\r\n\r\n        {{!-- Load Lazysizes script ASAP so images will appear --}}\r\n        <script>\r\n            {{!-- Only load visible elements until the onload event fires, after which preload nearby elements. --}}\r\n            window.lazySizesConfig = window.lazySizesConfig || {};\r\n            window.lazySizesConfig.loadMode = 1;\r\n        </script>\r\n        <script async src=\"{{cdn 'assets/dist/theme-bundle.head_async.js'}}\"></script>\r\n\r\n        <script src=\"https://ajax.googleapis.com/ajax/libs/webfont/1.6.26/webfont.js\"></script>\r\n\r\n        <script>\r\n            WebFont.load({\r\n                custom: {\r\n                    families: ['Karla', 'Roboto', 'Source Sans Pro']\r\n                },\r\n                classes: false\r\n            });\r\n        </script>\r\n\r\n        {{ getFontsCollection }}\r\n        {{{stylesheet '/assets/css/theme.css'}}}\r\n\r\n        {{{head.scripts}}}\r\n\r\n\r\n        {{~inject 'zoomSize' theme_settings.zoom_size}}\r\n        {{~inject 'productSize' theme_settings.product_size}}\r\n        {{~inject 'showAdminBar' theme_settings.show-admin-bar}}\r\n        {{~inject 'genericError' (lang 'common.generic_error')}}\r\n        {{~inject 'maintenanceModeSettings' settings.maintenance}}\r\n        {{~inject 'adminBarLanguage' (langJson 'admin')}}\r\n        {{~inject 'urls' urls}}\r\n        {{~inject 'secureBaseUrl' settings.secure_base_url}}\r\n        {{~inject 'cartId' cart_id}}\r\n        {{~inject 'channelId' settings.channel_id}}\r\n        {{~inject 'template' template}}\r\n        {{~inject 'validationDictionaryJSON' (langJson 'validation_messages')}}\r\n        {{~inject 'validationFallbackDictionaryJSON' (langJson 'validation_fallback_messages')}}\r\n        {{~inject 'validationDefaultDictionaryJSON' (langJson 'default_messages')}} \r\n    </head>\r\n    <body>\r\n        <svg data-src=\"{{cdn 'img/icon-sprite.svg'}}\" class=\"icons-svg-sprite\"></svg>\r\n\r\n        {{> components/ob-custom/ob-header }}\r\n        {{> components/common/body }}\r\n        {{> components/ob-custom/ob-footer }}\r\n\r\n        <script>window.__webpack_public_path__ = \"{{cdn 'assets/dist/'}}\";</script>\r\n        <script src=\"{{cdn 'assets/dist/theme-bundle.main.js'}}\"></script>\r\n        <script>\r\n            {{!-- Exported in app.js --}}\r\n            window.stencilBootstrap(\"{{page_type}}\", {{jsContext}}).load();\r\n        </script>\r\n\r\n        {{{footer.scripts}}}\r\n    </body>\r\n</html>\r\n",
  "components/ob-custom/ob-header": "<a href=\"#main-content\" class=\"skip-to-main-link\">{{lang 'header.skip_to_main'}}</a>\r\n{{#if banners.top}}\r\n<div class=\"banners\" data-banner-location=\"top\">\r\n    {{#each (limit banners.top_metadata 1)}}\r\n    <div class=\"banner\" data-event-type=\"promotion\" data-entity-id=\"{{this.id}}\" data-name=\"{{this.banner-name}}\" data-position=\"{{this.location}}\" data-banner-id=\"{{this.banner-name}}\">\r\n        <div data-event-type=\"promotion-click\">\r\n            {{{this.content}}}\r\n        </div>\r\n    </div>\r\n    {{/each}}\r\n</div>\r\n{{/if}}\r\n<header class=\"header\" role=\"banner\">\r\n    <a href=\"#\" class=\"mobileMenu-toggle\" data-mobile-menu-toggle=\"menu\">\r\n        <span class=\"mobileMenu-toggleIcon\">Toggle menu</span>\r\n    </a>\r\n\r\n    <div class=\"container header-container\">\r\n        {{#if page_type '===' 'default'}}\r\n            <h1 class=\"header-logo header-logo--{{theme_settings.logo-position}}\">\r\n                <a href=\"/\"><img src=\"{{cdn 'assets/img/ob-custom/logo-blue.png'}}\" alt=\"\" /></a>\r\n            </h1>\r\n        {{else}}\r\n            <div class=\"header-logo header-logo--{{theme_settings.logo-position}}\">\r\n                <a href=\"/\"><img src=\"{{cdn 'assets/img/ob-custom/logo-blue.png'}}\" alt=\"\" /></a>\r\n            </div>\r\n        {{/if}}\r\n        <div class=\"navPages-container\" id=\"menu\" data-menu>\r\n            {{> components/ob-custom/ob-navigation-menu}}\r\n        </div>\r\n        <div class=\"navPages-quickSearch ob-desktop\">\r\n            {{> components/common/quick-search name='nav-menu-quick-search'}}\r\n        </div>\r\n    </div>\r\n</header>\r\n{{{region name=\"header_bottom--global\"}}}\r\n{{{region name=\"header_bottom\"}}}\r\n\r\n<a href=\"\" class=\"skip-to-top\">\r\n    <svg>\r\n        <use xmlns:xlink=\"http://www.w3.org/1999/xlink\" xlink:href=\"#icon-ob-arrow-up\"></use>\r\n    </svg>\r\n</a>\r\n",
  "components/common/body": "<main class=\"body\" id='main-content' role='main' data-currency-code=\"{{currency_selector.active_currency_code}}\">\r\n    {{#block \"hero\"}} {{/block}}\r\n    <div class=\"container\">\r\n        {{#block \"page\"}} {{/block}}\r\n    </div>\r\n    {{> components/common/modal/modal}}\r\n    {{> components/common/alert/alert-modal}}\r\n</main>\r\n",
  "components/ob-custom/ob-footer": "{{#if banners.bottom}}\r\n    {{#if settings.data_tag_enabled}}\r\n        <div class=\"banners\" data-banner-location=\"bottom\">\r\n            {{#each (limit banners.bottom_metadata 1)}}\r\n                <div class=\"banner\" data-event-type=\"promotion\" data-entity-id=\"{{this.id}}\" data-name=\"{{this.banner-name}}\" data-position=\"{{this.location}}\" data-name=\"{{this.banner-name}}\">\r\n                    <div data-event-type=\"promotion-click\">\r\n                        {{{this.content}}}\r\n                    </div>\r\n                </div>\r\n            {{/each}}\r\n        </div>\r\n    {{else}}\r\n        <div class=\"banners\" data-banner-location=\"bottom\">\r\n            <div class=\"banner\">\r\n                {{{limit banners.bottom 1}}}\r\n            </div>\r\n        </div>\r\n    {{/if}}\r\n{{/if}}\r\n<footer class=\"footer\" role=\"contentinfo\">\r\n    <div class=\"container\">\r\n        <section class=\"footer-info row\">\r\n            <div class=\"col-md-8 col-sm-12\">\r\n                <article class=\"footer-info-col col-md-4 col-sm-4\" data-section-type=\"footer-webPages\">\r\n                    <h3 class=\"footer-info-heading\">About</h3>\r\n                    <ul class=\"footer-info-list\">\r\n                        <li>\r\n                            <a href=\"/why-mff/\">About MyFitFoods</a>\r\n                        </li>\r\n                        <li>\r\n                            <a href=\"/success-stories/\">Real Stories</a>\r\n                        </li>\r\n                        <li>\r\n                            <a href=\"/locations/\">Locations</a>\r\n                        </li>\r\n                        <li>\r\n                            <a href=\"/fit-club/\">Fit Club</a>\r\n                        </li>\r\n                        <li>\r\n                            <a href=\"/faq/\">FAQs</a>\r\n                        </li>\r\n                    </ul>\r\n                </article>\r\n                <article class=\"footer-info-col col-md-4 col-sm-4\" data-section-type=\"footer-webPages\">\r\n                    <h3 class=\"footer-info-heading\">Foods</h3>\r\n                    <ul class=\"footer-info-list\">\r\n                        <li>\r\n                            <a href=\"/quickstart/\">Shop All Meals</a>\r\n                        </li>\r\n                        <li>\r\n                            <a href=\"/breakfast/\">Breakfast</a>\r\n                        </li>\r\n                        <li>\r\n                            <a href=\"/lunch/\">Lunch</a>\r\n                        </li>\r\n                        <li>\r\n                            <a href=\"/dinner/\">Dinner</a>\r\n                        </li>\r\n                        <li>\r\n                            <a href=\"/snacks/\">Snacks</a>\r\n                        </li>\r\n                    </ul>\r\n                </article>\r\n                <article class=\"footer-info-col col-md-4 col-sm-4\" data-section-type=\"footer-webPages\">\r\n                    <h3 class=\"footer-info-heading\">Info</h3>\r\n                    <ul class=\"footer-info-list\">\r\n                        <li>\r\n                            <a href=\"/blog/\">The Fit Life Blog</a>\r\n                        </li>\r\n                        <!--<li>-->\r\n                        <!--    <a href=\"/brand-assets/\">Brand Assets</a>-->\r\n                        <!--</li>-->\r\n                        <li>\r\n                            <a href=\"/contact-us/\">Contact Us</a>\r\n                        </li>\r\n                        <li>\r\n                            <a href=\"/fitchecks/\">#Fitchecks</a>\r\n                        </li>\r\n                        <li>\r\n                            <a href=\"{{urls.sitemap}}\">{{lang 'sitemap.page_title'}}</a>\r\n                        </li>\r\n                    </ul>\r\n                </article>\r\n            </div>\r\n            <div class=\"col-md-4 col-sm-12\">\r\n                <article class=\"footer-info-col footer-social-col col-md-12\">\r\n                    <img src=\"{{cdn 'assets/img/ob-custom/logo-green.png'}}\" class=\"sub-logo\" alt=\"\" />\r\n\r\n                    <div class=\"social-block\">\r\n                        <a href=\"https://www.facebook.com/MyFitFoodsMeals\"><img src=\"{{cdn 'assets/img/ob-custom/facebook.png'}}\" alt=\"\" /></a>\r\n                        <a href=\"https://www.instagram.com/myfitfoodsofficial/\"><img src=\"{{cdn 'assets/img/ob-custom/instagram.png'}}\" alt=\"\" /></a>\r\n                        <span>#GIVEAFIT</span>\r\n                    </div>\r\n                </article>\r\n            </div>\r\n        </section>\r\n\r\n        <div class=\"footer-copyright\">\r\n            <div class=\"container\">\r\n                <div class=\"privacy-links\">\r\n                    <a href=\"/privacy-policy/\">Privacy Policy</a>\r\n                    <a href=\"/terms-of-service/\">Terms of Service</a>\r\n                </div>\r\n\r\n                <div class=\"footer-store\">\r\n                    <p>&copy; {{moment format=\"YYYY\"}} MyFitFoods, LLC.</p>\r\n                </div>\r\n            </div>\r\n        </div>\r\n    </div>\r\n</footer>\r\n",
  "components/common/polyfill-script": "<script>\r\n    {{!--\r\n        Check for modern browser features, and load polyfills if browser does not appear to support features\r\n        we need.\r\n\r\n            Polyfill approach is all or nothing - please import needed polyfills in /assets/js/polyfills.js\r\n\r\n        Inspired by https://philipwalton.com/articles/loading-polyfills-only-when-needed/\r\n            --}}\r\n    function browserSupportsAllFeatures() {\r\n        return window.Promise\r\n            && window.fetch\r\n            && window.URL\r\n            && window.URLSearchParams\r\n            && window.WeakMap\r\n            // object-fit support\r\n            && ('objectFit' in document.documentElement.style);\r\n    }\r\n\r\n    function loadScript(src) {\r\n        var js = document.createElement('script');\r\n        js.src = src;\r\n        js.onerror = function () {\r\n            console.error('Failed to load polyfill script ' + src);\r\n        };\r\n        document.head.appendChild(js);\r\n    }\r\n\r\n    if (!browserSupportsAllFeatures()) {\r\n        loadScript('{{cdn 'assets/dist/theme-bundle.polyfills.js'}}');\r\n    }\r\n</script>\r\n",
  "components/ob-custom/ob-navigation-menu": "<nav class=\"navPages\">\r\n    <div class=\"navPages-quickSearch ob-mobile\">\r\n      {{> components/common/quick-search name='nav-menu-quick-search'}}\r\n    </div>\r\n\r\n    <ul class=\"navPages-list{{#if theme_settings.navigation_design '!==' 'simple'}} navPages-list-depth-max{{/if}}\">\r\n        <li class=\"navPages-item navPages-item-page\">\r\n            <a class=\"navPages-action\"\r\n               href=\"/quickstart\"\r\n               aria-label=\"Shop\">\r\n                Shop\r\n            </a>\r\n        </li>\r\n        <li class=\"navPages-item navPages-item-page\">\r\n            <a class=\"navPages-action{{#if 'Why MFF?' '==' ../page.title}} activePage{{/if}}\"\r\n               href=\"/why-mff\"\r\n               aria-label=\"Why MFF?\">\r\n                Why MFF?\r\n            </a>\r\n        </li>\r\n        <li class=\"navPages-item navPages-item-page\">\r\n            <a class=\"navPages-action{{#if 'Fit Club' '==' ../page.title}} activePage{{/if}}\"\r\n               href=\"/fit-club\"\r\n               aria-label=\"Fit Club\">\r\n                Fit Club\r\n            </a>\r\n        </li>\r\n        <li class=\"navPages-item navPages-item-page\">\r\n            <a class=\"navPages-action{{#if '21 Days' '==' ../page.title}} activePage{{/if}}\"\r\n               href=\"/21-day-challenge\"\r\n               aria-label=\"21 Days\">\r\n                21 Days\r\n            </a>\r\n        </li>\r\n        <li class=\"navPages-item navPages-item-page\">\r\n            <a class=\"navPages-action{{#if 'Locations' '==' ../page.title}} activePage{{/if}}\"\r\n               href=\"/locations\"\r\n               aria-label=\"Locations\">\r\n                Locations\r\n            </a>\r\n        </li>\r\n        <li class=\"navPages-item navPages-item-page\">\r\n            <a class=\"navPages-action{{#if 'Blog' '==' ../page.title}} activePage{{/if}}\"\r\n               href=\"/blog\"\r\n               aria-label=\"Blog\">\r\n                Blog\r\n            </a>\r\n        </li>\r\n        <li class=\"navPages-item navPages-item-page navPages-item-icon\">\r\n            {{#if customer}}\r\n                <a class=\"navPages-action\"\r\n                   href=\"{{urls.account.index}}\"\r\n                   aria-label=\"{{lang 'common.account'}}\"\r\n                >\r\n                 <svg><use xlink:href=\"#icon-account\" /></svg>\r\n                </a>\r\n            {{else}}\r\n                <a class=\"navPages-action\"\r\n                   href=\"{{urls.auth.login}}\"\r\n                   aria-label=\"{{lang 'common.login'}}\"\r\n                >\r\n                <svg class=\"ob-desktop\"><use xlink:href=\"#icon-account\" /></svg>\r\n                <span class=\"ob-mobile\">Account</span>\r\n                </a>\r\n            {{/if}}\r\n        </li>\r\n        <li class=\"navPages-item navPages-item-page navPages-item-icon\">\r\n            <a class=\"navPages-action\"\r\n               href=\"{{urls.cart}}\"\r\n               aria-label=\"{{lang 'cart.nav_aria_label'}}\"\r\n            >\r\n                <span class=\"navUser-item--sub navUser-item-cartLabel ob-desktop\">          \r\n                  <svg><use xlink:href=\"#icon-ob-basket\" /></svg>              \r\n                </span>\r\n                <span class=\"navUser-item--sub full-cart-qty ob-desktop\">(<span class=\"countPill cart-quantity\"></span>)</span>\r\n                <span class=\"ob-mobile\">\r\n                  View Cart\r\n                  <span class=\"navUser-item--sub full-cart-qty\">(<span class=\"countPill cart-quantity\"></span>)</span>\r\n                </span>\r\n            </a>\r\n        </li>\r\n        <li class=\"navPages-item navPages-item-page navPages-item-search navPages-item-icon\">\r\n          <a class=\"navPages-action ob-search-toggle\">\r\n            <svg>\r\n              <use xmlns:xlink=\"http://www.w3.org/1999/xlink\" xlink:href=\"#icon-ob-search\"></use>\r\n            </svg>\r\n          </a>\r\n        </li>\r\n    </ul>\r\n</nav>\r\n",
  "components/common/quick-search": "<div class=\"container\">\r\n    <form class=\"form\" onsubmit=\"return false\" data-url=\"{{urls.search}}\" data-quick-search-form>\r\n        <fieldset class=\"form-fieldset\">\r\n            <div class=\"form-field\">\r\n                <label class=\"is-srOnly\" for=\"{{name}}\">{{lang \"search.quick_search.input_label\"}}</label>\r\n                <input class=\"form-input\"\r\n                       data-search-quick\r\n                       name=\"{{name}}\"\r\n                       id=\"{{name}}\"\r\n                       data-error-message=\"{{lang 'search.error.empty_field'}}\"\r\n                       placeholder=\"{{lang 'search.quick_search.input_placeholder'}}\"\r\n                       autocomplete=\"off\"\r\n                >\r\n            </div>\r\n        </fieldset>\r\n    </form>\r\n    <span class=\"exit\">x</span>\r\n    <section class=\"quickSearchResults\" data-bind=\"html: results\"></section>\r\n    <p role=\"status\"\r\n       aria-live=\"polite\"\r\n       class=\"aria-description--hidden\"\r\n       data-search-aria-message-predefined-text=\"{{{lang 'search.results.quick_count_live'}}}\"\r\n    ></p>\r\n</div>\r\n",
  "components/common/modal/modal": "<div id=\"modal\" class=\"modal\" data-reveal data-prevent-quick-search-close>\r\n    {{> components/common/modal/modal-close-btn}}\r\n    <div class=\"modal-content\"></div>\r\n    <div class=\"loadingOverlay\"></div>\r\n</div>\r\n",
  "components/common/alert/alert-modal": "<div id=\"alert-modal\" class=\"modal modal--alert modal--small\" data-reveal data-prevent-quick-search-close>\r\n    <div class=\"swal2-icon swal2-error swal2-icon-show\"><span class=\"swal2-x-mark\"><span class=\"swal2-x-mark-line-left\"></span><span class=\"swal2-x-mark-line-right\"></span></span></div>\r\n\r\n    <div class=\"modal-content\"></div>\r\n\r\n    <div class=\"button-container\"><button type=\"button\" class=\"confirm button\" data-reveal-close>OK</button></div>\r\n</div>\r\n",
  "components/common/modal/modal-close-btn": "<button class=\"modal-close\"\r\n        type=\"button\"\r\n        title=\"{{lang 'common.close'}}\"\r\n        {{additional_attr}}\r\n>\r\n    <span class=\"aria-description--hidden\">{{lang 'common.close'}}</span>\r\n    <span aria-hidden=\"true\">&#215;</span>\r\n</button>\r\n"
}