{
  "components/search/product-listing": "{{#if product_results.products.length}}\r\n    {{> components/products/filter sort=pagination.product_results.sort}}\r\n{{/if}}\r\n<form action=\"{{urls.compare}}\" method='POST' {{#if settings.data_tag_enabled}} data-list-name=\"Search Results\" {{/if}} data-product-compare>\r\n    {{#if theme_settings.product_list_display_mode '===' 'grid'}}\r\n        {{#if settings.data_tag_enabled}}\r\n            {{> components/products/grid products=product_results.products show_compare=product_results.show_compare event=\"list\" theme_settings=theme_settings}}\r\n        {{else}}\r\n            {{> components/products/grid products=product_results.products show_compare=product_results.show_compare theme_settings=theme_settings}}\r\n        {{/if}}\r\n    {{else}}\r\n        {{#if settings.data_tag_enabled}}\r\n            {{> components/products/list products=product_results.products show_compare=product_results.show_compare event=\"list\" theme_settings=theme_settings}}\r\n         {{else}}\r\n            {{> components/products/list products=product_results.products show_compare=product_results.show_compare theme_settings=theme_settings}}\r\n        {{/if}}\r\n    {{/if}}\r\n</form>\r\n\r\n{{> components/common/paginator pagination.product_results}}\r\n",
  "components/products/filter": "<form class=\"actionBar\" method=\"get\" data-sort-by=\"product\">\r\n    {{> components/category/sort-box sort=sort}}\r\n</form>\r\n",
  "components/products/grid": "<ul class=\"productGrid\">\r\n    {{#each products}}\r\n    <li class=\"product\">\r\n            {{>components/products/card settings=../settings show_compare=../show_compare show_rating=../settings.show_product_rating theme_settings=../theme_settings customer=../customer event=../event position=(add @index 1)}}\r\n    </li>\r\n    {{/each}}\r\n</ul>\r\n",
  "components/products/list": "<ul class=\"productList\">\r\n    {{#each products}}\r\n    <li class=\"product\">\r\n\t\t{{>components/products/list-item show_compare=../show_compare show_rating=../settings.show_product_rating theme_settings=../theme_settings customer=../customer event=../event settings=../settings position=(add @index 1)}}\r\n    </li>\r\n    {{/each}}\r\n</ul>\r\n",
  "components/common/paginator": "<nav class=\"pagination\" aria-label=\"pagination\">\r\n    <ul class=\"pagination-list\">\r\n        {{#if previous}}\r\n            <li class=\"pagination-item pagination-item--previous\">\r\n                <a class=\"pagination-link\"\r\n                   href=\"{{previous}}\"\r\n                   {{#unless reload}}data-faceted-search-facet{{/unless}}\r\n                   aria-label=\"{{lang 'common.previous'}}\"\r\n                >\r\n                    <i class=\"icon\" aria-hidden=\"true\">\r\n                        <svg>\r\n                            <use xmlns:xlink=\"http://www.w3.org/1999/xlink\" xlink:href=\"#icon-chevron-left\"></use>\r\n                        </svg>\r\n                    </i>\r\n                    {{lang 'common.previous'}}\r\n                </a>\r\n            </li>\r\n        {{/if}}\r\n        {{#each links}}\r\n            <li class=\"pagination-item {{#if this.number '==' ../current}}pagination-item--current{{/if}}\">\r\n                <a class=\"pagination-link\"\r\n                   href=\"{{this.url}}\"\r\n                   {{#unless reload}}data-faceted-search-facet{{/unless}}\r\n                   {{#if this.number '==' ../current}}\r\n                   aria-current=\"page\"\r\n                   data-pagination-current-page-link\r\n                   {{/if}}\r\n                   aria-label=\"{{lang 'common.paginator.page_of' current=this.number total=../links.length}}\"\r\n                >\r\n                    {{this.number}}\r\n                </a>\r\n            </li>\r\n        {{/each}}\r\n\r\n        {{#if next}}\r\n            <li class=\"pagination-item pagination-item--next\">\r\n                <a class=\"pagination-link\"\r\n                   href=\"{{next}}\"\r\n                   {{#unless reload}}data-faceted-search-facet{{/unless}}\r\n                   aria-label=\"{{lang 'common.next'}}\"\r\n                >\r\n                    {{lang 'common.next'}}\r\n                    <i class=\"icon\" aria-hidden=\"true\">\r\n                        <svg>\r\n                            <use xmlns:xlink=\"http://www.w3.org/1999/xlink\" xlink:href=\"#icon-chevron-right\"></use>\r\n                        </svg>\r\n                    </i>\r\n                </a>\r\n            </li>\r\n        {{/if}}\r\n    </ul>\r\n</nav>\r\n",
  "components/category/sort-box": "<fieldset class=\"form-fieldset actionBar-section\">\r\n    <div class=\"form-field\">\r\n        <label class=\"form-label\" for=\"sort\">{{lang 'common.sorter.sort_by'}}</label>\r\n        <select class=\"form-select form-select--small \" name=\"sort\" id=\"sort\" role=\"listbox\">\r\n            <option value=\"featured\" {{#if sort '==' 'featured'}}selected{{/if}}>{{lang 'common.sorter.featured'}}</option>\r\n            <option value=\"newest\" {{#if sort '==' 'newest'}}selected{{/if}}>{{lang 'common.sorter.newest'}}</option>\r\n            <option value=\"bestselling\" {{#if sort '==' 'bestselling'}}selected{{/if}}>{{lang 'common.sorter.top_sellers'}}</option>\r\n            <option value=\"alphaasc\" {{#if sort '==' 'alphaasc'}}selected{{/if}}>{{lang 'common.sorter.alpha_asc'}}</option>\r\n            <option value=\"alphadesc\" {{#if sort '==' 'alphadesc'}}selected{{/if}}>{{lang 'common.sorter.alpha_desc'}}</option>\r\n            <option value=\"avgcustomerreview\" {{#if sort '==' 'avgcustomerreview'}}selected{{/if}}>{{lang 'common.sorter.reviews'}}</option>\r\n            <option value=\"priceasc\" {{#if sort '==' 'priceasc'}}selected{{/if}}>{{lang 'common.sorter.price_asc'}}</option>\r\n            <option value=\"pricedesc\" {{#if sort '==' 'pricedesc'}}selected{{/if}}>{{lang 'common.sorter.price_desc'}}</option>\r\n            {{#if result_count}}\r\n                <option value=\"relevance\" {{#if sort '==' 'relevance'}}selected{{/if}}>{{lang 'common.sorter.relevance'}}</option>\r\n            {{/if}}\r\n        </select>\r\n    </div>\r\n</fieldset>\r\n",
  "components/products/card": "<article class=\"card {{#if alternate}}card--alternate{{/if}}\" {{#if settings.data_tag_enabled}} data-event-type=\"{{event}}\" data-entity-id=\"{{id}}\" data-position=\"{{position}}\" data-name=\"{{name}}\" data-product-category=\"{{#each category}}{{#if @last}}{{this}}{{else}}{{this}}, {{/if}}{{/each}}\" data-product-brand=\"{{brand.name}}\" data-product-price=\"{{#if price.with_tax}}{{price.with_tax.value}}{{else}}{{price.without_tax.value}}{{/if}}\"  {{/if}}>\r\n    <figure class=\"card-figure\">\r\n        {{#or price.sale_price_with_tax.value price.sale_price_without_tax.value}}\r\n            {{#if theme_settings.product_sale_badges '===' 'sash'}}\r\n                <div class=\"sale-flag-sash\">\r\n                    <span class=\"sale-text\">{{{theme_settings.pdp_sale_badge_label}}}</span>\r\n                </div>\r\n            {{else if theme_settings.product_sale_badges '===' 'topleft'}}\r\n                <div class=\"sale-flag-side\">\r\n                    <span class=\"sale-text\">{{{theme_settings.pdp_sale_badge_label}}}</span>\r\n                </div>\r\n            {{else if theme_settings.product_sale_badges '===' 'burst'}}\r\n                <div class=\"starwrap\">\r\n                    <div class=\"sale-text-burst\">{{{theme_settings.pdp_sale_badge_label}}}</div>\r\n                    <div class=\"sale-flag-star\"></div>\r\n                </div>\r\n            {{/if}}\r\n        {{/or}}\r\n        <a href=\"{{url}}\" \r\n           class=\"card-figure__link\"\r\n           aria-label=\"{{name}},{{> components/products/product-aria-label}}\"\r\n           {{#if settings.data_tag_enabled}} data-event-type=\"product-click\" {{/if}}\r\n        >\r\n            {{#each custom_fields}}\r\n                {{#if name '===' 'Gluten Free'}}\r\n                    {{#if value '===' 'Yes'}}\r\n                    <div class=\"sale-flag-side sale-flag-side--custom\" style=\"background-color:#c0ca7f; color:#67803b; text-transform:uppercase; font-weight:600;\">\r\n                        <span style=\"color:#67803b;\" class=\"sale-text\">Gluten Free</span>\r\n                    </div>\r\n                    {{/if}}\r\n                {{/if}}\r\n                {{#if name '===' 'New'}}\r\n                    {{#if value '===' 'Yes'}}\r\n                    <div class=\"sale-flag-side sale-flag-side--custom\" style=\"background-color:#67803b; color:#c0ca7f; text-transform:uppercase; font-weight:600; \">\r\n                        <span style=\"color:#c0ca7f;\" class=\"sale-text\">New Item</span>\r\n                    </div>\r\n                    {{/if}}    \r\n                {{/if}}\r\n                {{#if name '===' 'Low Carb'}}\r\n                    {{#if value '===' 'No'}}\r\n                    <div class=\"sale-flag-side sale-flag-side--custom\" style=\"background-color:#f0e4b2; color:#67803b; text-transform:uppercase; font-weight:600; \">\r\n                        <span style=\"color:#67803b;\" class=\"sale-text\">Low Glycemic Carb</span>\r\n                    </div>\r\n                    {{/if}}\r\n                {{/if}}\r\n                {{#if name '===' 'Low Carb'}}\r\n                    {{#if value '===' 'Yes'}}\r\n                    <div class=\"sale-flag-side sale-flag-side--custom\" style=\"background-color:#ffbf3c; text-transform:uppercase; font-weight:600; \">\r\n                        <span style=\"color:#ffffff;\" class=\"sale-text\">Low Carb</span>\r\n                    </div>\r\n                    {{/if}} \r\n                {{/if}}\r\n                {{#if name '===' '__badge'}}\r\n                    <div class=\"sale-flag-side sale-flag-side--custom\">\r\n                        <span class=\"sale-text\">{{{value}}}</span>\r\n                    </div>\r\n                {{/if}}\r\n            {{/each}}\r\n\r\n            <div class=\"card-img-container\">\r\n                {{> components/common/responsive-img\r\n                    image=image\r\n                    class=\"card-image\"\r\n                    fallback_size=theme_settings.productgallery_size\r\n                    lazyload=theme_settings.lazyload_mode\r\n                    default_image=theme_settings.default_image_product\r\n                }}\r\n            </div>\r\n        </a>\r\n\r\n        <figcaption class=\"card-figcaption\">\r\n            <div class=\"card-figcaption-body\">\r\n                {{#unless hide_product_quick_view}}\r\n                    {{#if theme_settings.show_product_quick_view}}\r\n                        {{#if settings.data_tag_enabled}}\r\n                            <button class=\"button button--small card-figcaption-button quickview\" data-event-type=\"product-click\" data-product-id=\"{{id}}\">{{lang 'products.quick_view'}}</button>\r\n                        {{else}}\r\n                            <button class=\"button button--small card-figcaption-button quickview\" data-product-id=\"{{id}}\">{{lang 'products.quick_view'}}</button>\r\n                        {{/if}}\r\n                    {{/if}}\r\n                {{/unless}}\r\n            </div>\r\n        </figcaption>\r\n    </figure>\r\n    <div class=\"card-body\">\r\n        {{#or customer (if theme_settings.restrict_to_login '!==' true)}}\r\n            {{#if show_cart_action}}\r\n                {{#if has_options}}\r\n                    <a href=\"{{url}}\" data-event-type=\"product-click\" class=\"button button--small card-figcaption-button ob-btn ob-btn-light-green ob-btn-inline\" data-product-id=\"{{id}}\">{{lang 'products.choose_options'}}</a>\r\n                {{/if}}\r\n                {{#if pre_order}}\r\n                    <a href=\"{{pre_order_add_to_cart_url}}\" data-event-type=\"product-click\" class=\"button button--small card-figcaption-button ob-btn ob-btn-light-green ob-btn-inline\">{{lang 'products.pre_order'}}</a>\r\n                {{/if}}\r\n                {{#if add_to_cart_url }}\r\n                    <a href=\"{{add_to_cart_url}}\" data-event-type=\"product-click\" data-button-type=\"add-cart\" class=\"button button--small card-figcaption-button ob-btn ob-btn-light-green ob-btn-inline\">{{lang 'products.add_to_cart'}}</a>\r\n                    <span class=\"product-status-message aria-description--hidden\">{{lang 'category.add_cart_announcement'}}</span>\r\n                {{/if}}\r\n                {{#if out_of_stock_message }}\r\n                    <a href=\"{{url}}\" data-event-type=\"product-click\" class=\"button button--small card-figcaption-button ob-btn ob-btn-light-green ob-btn-inline\" data-product-id=\"{{id}}\">{{out_of_stock_message}}</a>\r\n                {{/if}}\r\n            {{/if}}\r\n        {{/or}}\r\n        {{#and rating show_rating}}\r\n            <p class=\"card-text\" data-test-info-type=\"productRating\">\r\n                <span class=\"rating--small\">\r\n                    {{> components/products/ratings rating=rating}}\r\n                </span>\r\n            </p>\r\n        {{/and}}\r\n        {{#if brand.name}}\r\n            <p class=\"card-text\" data-test-info-type=\"brandName\">{{brand.name}}</p>\r\n        {{/if}}\r\n        <h3 class=\"card-title\">\r\n            <a aria-label=\"{{name}},{{> components/products/product-aria-label}}\"\r\n               href=\"{{url}}\" \r\n               {{#if settings.data_tag_enabled}} data-event-type=\"product-click\" {{/if}}>{{name}}</a>\r\n        </h3>\r\n\r\n        <div class=\"card-text\" data-test-info-type=\"price\">\r\n            {{#or customer (if theme_settings.restrict_to_login '!==' true)}}\r\n               {{#if customer.customer_group_name '===' \"Fit Club\"}}\r\n               <p class=\"reg-price\">{{customer.customer_group_name}} Discount Applied!</p>\r\n               <p class=\"fit-price\">${{toFixed (multiply price.without_tax.value 1.0) 2}} - You Save ${{toFixed (multiply price.without_tax.value 0.25) 2}}! </p>\r\n               {{else if customer.customer_group_name '===' \"BFF 50%\"}}\r\n               <p class=\"reg-price\">{{customer.customer_group_name}} Discount Applied!</p>\r\n               <p class=\"fit-price\">${{toFixed (multiply price.without_tax.value 1.0) 2}} - You Save ${{toFixed (multiply price.without_tax.value 1.0) 2}}! </p>\r\n               {{else if customer.customer_group_name '===' \"BFF 35%\"}}\r\n               <p class=\"reg-price\">{{customer.customer_group_name}} Discount Applied!</p>\r\n               <p class=\"fit-price\">${{toFixed (multiply price.without_tax.value 1.0) 2}} - You Save ${{toFixed (multiply price.without_tax.value 0.538462) 2}}! </p>\r\n               {{else if customer.customer_group_name '===' \"C&L 50%\"}}\r\n               <p class=\"reg-price\">{{customer.customer_group_name}} Discount Applied!</p>\r\n               <p class=\"fit-price\">${{toFixed (multiply price.without_tax.value 1.0) 2}} - You Save ${{toFixed (multiply price.without_tax.value 1.0) 2}}! </p>\r\n               {{else}}\r\n               <p class=\"reg-price\">Regular Price - ${{toFixed (multiply price.without_tax.value 1.0) 2}} </p>\r\n               <p class=\"fit-price\">Fit Club Price - ${{toFixed (multiply price.without_tax.value 0.8) 2}} </p>\r\n               {{/if}}\r\n            {{else}}\r\n                {{> components/common/login-for-pricing}}\r\n            {{/or}}\r\n        </div>\r\n        {{> components/products/bulk-discount-rates}}\r\n    </div>\r\n</article>\r\n",
  "components/products/list-item": "{{#if settings.data_tag_enabled}}\r\n    <article class=\"listItem\" data-event-type=\"{{event}}\" data-entity-id=\"{{id}}\" data-position=\"{{position}}\" data-name=\"{{name}}\" data-product-category=\"{{#each category}}{{#if @last}}{{this}}{{else}}{{this}}, {{/if}}{{/each}}\" data-product-brand=\"{{brand.name}}\" data-product-price=\"{{#if price.with_tax}}{{price.with_tax.value}}{{else}}{{price.without_tax.value}}{{/if}}\">\r\n{{else}}\r\n    <article class=\"listItem\">\r\n{{/if}}\r\n    <figure class=\"listItem-figure\">\r\n        <a href=\"{{url}}\"\r\n           class=\"listItem-figure__link\"\r\n           aria-label=\"{{name}},{{> components/products/product-aria-label}}\"\r\n           {{#if settings.data_tag_enabled}}\r\n           data-event-type=\"product-click\"\r\n           {{/if}}\r\n        >\r\n        {{#or price.sale_price_with_tax.value price.sale_price_without_tax.value}}\r\n            {{#if theme_settings.product_sale_badges '===' 'sash'}}\r\n                <div class=\"sale-flag-sash\">\r\n                    <span class=\"sale-text\">On Sale!</span>\r\n                </div>\r\n            {{else if theme_settings.product_sale_badges '===' 'topleft'}}\r\n                <div class=\"sale-flag-side\">\r\n                    <span class=\"sale-text\">On Sale!</span>\r\n                </div>\r\n            {{else if theme_settings.product_sale_badges '===' 'burst'}}\r\n                <div class=\"starwrap\">\r\n                    <div class=\"sale-text-burst\">On Sale!</div>\r\n                    <div class=\"sale-flag-star\"></div>\r\n                </div>\r\n            {{/if}}\r\n        {{/or}}\r\n        {{> components/common/responsive-img\r\n            image=image\r\n            class=\"listItem-image\"\r\n            fallback_size=theme_settings.productgallery_size\r\n            lazyload=theme_settings.lazyload_mode\r\n            default_image=theme_settings.default_image_product\r\n        }}\r\n        </a>\r\n        {{#unless hide_product_quick_view}}\r\n            {{#if theme_settings.show_product_quick_view}}\r\n                <div class=\"listItem-figureBody\">\r\n                    <button type=\"button\" {{#if settings.data_tag_enabled}} data-event-type=\"product-click\" {{/if}} class=\"button button--small listItem-button quickview\" data-product-id=\"{{id}}\">{{lang 'products.quick_view'}}</button>\r\n                </div>\r\n            {{/if}}\r\n        {{/unless}}\r\n    </figure>\r\n    <div class=\"listItem-body\">\r\n        <div class=\"listItem-content\">\r\n            <div class=\"listItem-details\">\r\n                {{#if show_rating}}\r\n                    <p class=\"listItem-rating\">{{> components/products/ratings rating=rating}}</p>\r\n                {{/if}}\r\n                {{#if brand.name}}\r\n                <p class=\"listItem-brand\">{{brand.name}}</p>\r\n                {{/if}}\r\n                <h4 class=\"listItem-title\">\r\n                    <a href=\"{{url}}\" \r\n                    aria-label=\"{{name}},{{> components/products/product-aria-label}}\"\r\n                    {{#if settings.data_tag_enabled}}\r\n                    data-event-type=\"product-click\"\r\n                    {{/if}}\r\n                    >\r\n                        {{name}}\r\n                    </a>\r\n                </h4>\r\n                {{#if summary}}\r\n                    <p>{{{summary}}}</p>\r\n                {{/if}}\r\n            </div>\r\n            <div class=\"listItem-actions\">\r\n                {{#or customer (if theme_settings.restrict_to_login '!==' true)}}\r\n                    {{#if price}}\r\n                        <div class=\"listItem-price\">{{> components/products/price price=price}}</div>\r\n                    {{/if}}\r\n                    {{#if show_cart_action}}\r\n                        {{#if has_options}}\r\n                            <a href=\"{{url}}\" {{#if settings.data_tag_enabled}} data-event-type=\"product-click\" {{/if}} class=\"button button--small\" data-product-id=\"{{id}}\">{{lang 'products.choose_options'}}</a>\r\n                        {{/if}}\r\n                        {{#if pre_order}}\r\n                            <a href=\"{{pre_order_add_to_cart_url}}\" data-event-type=\"product-click\" class=\"button button--primary\">{{lang 'products.pre_order'}}</a>\r\n                        {{/if}}\r\n                        {{#if add_to_cart_url }}\r\n                            <a href=\"{{add_to_cart_url}}\" {{#if settings.data_tag_enabled}} data-event-type=\"product-click\" {{/if}} class=\"button button--primary\">{{lang 'products.add_to_cart'}}</a>\r\n                        {{/if}}\r\n                        {{#if out_of_stock_message }}\r\n                            <a href=\"{{url}}\" data-event-type=\"product-click\" class=\"button button--small\" data-product-id=\"{{id}}\">{{out_of_stock_message}}</a>\r\n                        {{/if}}\r\n                    {{/if}}\r\n                {{else}}\r\n                    {{> components/common/login-for-pricing}}\r\n                {{/or}}\r\n                {{#if show_compare}}\r\n                    <label class=\"button button--small\" for=\"compare-{{id}}\">\r\n                        {{lang \"products.compare\"}} <input type=\"checkbox\" name=\"products[]\" value=\"{{id}}\" id=\"compare-{{id}}\" data-compare-id=\"{{id}}\">\r\n                    </label>\r\n                {{/if}}\r\n            </div>\r\n        </div>\r\n    </div>\r\n</article>\r\n",
  "components/products/product-aria-label": "{{#and price.price_range (if theme_settings.price_ranges '==' true)}}\r\n{{#and price.price_range.min.with_tax price.price_range.max.with_tax}}\r\n{{lang 'category.shop_by_price_range_aria' from=price.price_range.min.with_tax.formatted to=price.price_range.max.with_tax.formatted}}\r\n{{else}}\r\n{{lang 'category.shop_by_price_range_aria' from=price.price_range.min.without_tax.formatted to=price.price_range.max.without_tax.formatted}}\r\n{{/and}}\r\n{{else}}\r\n{{#if price.with_tax}}\r\n{{#if price.non_sale_price_with_tax}}\r\n{{theme_settings.pdp-non-sale-price-label}}{{price.non_sale_price_with_tax.formatted}},\r\n{{theme_settings.pdp-sale-price-label}}{{price.with_tax.formatted}}\r\n{{else}}\r\n{{price.with_tax.formatted}}                        \r\n{{/if}}\r\n{{else}}\r\n{{#if price.non_sale_price_without_tax}}\r\n{{theme_settings.pdp-non-sale-price-label}}{{price.non_sale_price_without_tax.formatted}},\r\n{{theme_settings.pdp-sale-price-label}}{{price.without_tax.formatted}}\r\n{{else}}\r\n{{price.without_tax.formatted}}\r\n{{/if}}\r\n{{/if}}\r\n{{/and}}\r\n",
  "components/common/responsive-img": "{{!--\r\nThis file implements the lazysizes srcset pattern (as seen on\r\nhttps://github.com/aFarkas/lazysizes#modern-transparent-srcset-pattern) for maximum performance on modern browsers\r\nand reasonable compatibility with legacy browsers.\r\n\r\nThere are a few important arguments to know about when using this component:\r\n`lazyload`:\r\n    - If set to 'lazyload+lqip', will load a low-res image which will be replaced by lazysizes - ensuring that SOME\r\n    content is shown immediately on page load. Without LQIP, a transparent gif will be used instead, which reduces\r\n    the number of requests needed to load the page, making it even faster.\r\n    - If set to 'lazyload', the browser will not load the full-size image at first, instead the lazysizes plugin will\r\n        load it progressively after page load. This improves the load speed of the page, but it should be disabled for\r\n        high-priority above-the-fold images.\r\n    - If set to 'disabled', will not attempt to lazyload the image and instead tell the browser to load it immediately.\r\n        Use this for high-priority images that are above the fold.\r\n\r\n`fallback_size`:\r\n    This is the size to use for this image in legacy browsers that do not support srcset.\r\n    Can be defined as a pixel bounding-box size (e.g. \"123x123) or inherent width (e.g. \"123w\").\r\n\r\n`class`:\r\n    The CSS classes to add to the image, e.g. \"card-image\". If lazyloading is enabled, all images will have the\r\n    \"lazyload\" class so that lazysizes will target them automatically.\r\n\r\n`otherAttributes`:\r\n    Any other HTML attributes you want on the img tag, for example \"height='100' width='100'\"\r\n\r\n`default_image`:\r\n    The default image to use if `image` is undefined or falsy. Should be a theme asset, usually defined as a relative\r\n    path in the theme config. If a default image is not provided, you'll get an image tag with no image if the primary\r\n    image is undefined.\r\n\r\n`lqip_size`:\r\n    If you want to specify a particular size for the LQIP image, you can do so with this argument. A default of 80\r\n    pixels wide will be used otherwise. This argument has no effect if the lazyload mode is not \"lazyload+lqip\".\r\n\r\n--}}\r\n<img {{#if image}}{{!-- Get the default image for legacy browsers that do not support srcset\r\n--}}src=\"{{getImageSrcset image 1x=(default fallback_size '160w')}}\" alt=\"{{image.alt}}\" title=\"{{image.alt}}\" {{!--\r\n  Allow lazysizes to generate the 'sizes' attribute automatically --}}data-sizes=\"auto\"\r\n  {{#unless lazyload '==' 'disabled'}}\r\n    {{#if lazyload '==' 'lazyload+lqip'}}\r\n    {{!-- If we want a LQIP, include it as the default srcset (will be overwritten by lazysizes) --}}\r\n    srcset=\"{{getImageSrcset image 1x=(default lqip_size '80w')}}\"\r\n    {{else}}\r\n      {{!-- If we don't want a LQIP, use a 1px transparent gif for the stand-in image\r\n            This requires no additional network request, so it's fast --}}\r\n    srcset=\"data:image/gif;base64,R0lGODlhAQABAIAAAP///wAAACH5BAEAAAAALAAAAAABAAEAAAICRAEAOw==\"\r\n    {{/if}}\r\n{{/unless}}\r\n{{!-- If lazyloading is disabled, just use \"srcset\". If it is not disabled, use \"data-srcset\" so lazysizes will use\r\n      this after page load --}}\r\n{{!--\r\nGenerate the srcset string using the default sizes defined in the helper. This will allow the browser to\r\npick the best-sized image based on its own understanding of how it will render the page.\r\n--}}\r\n{{#unless lazyload '==' 'disabled'}}data-{{/unless}}srcset=\"{{getImageSrcset image use_default_sizes=true }}\"\r\n{{else if default_image}}src=\"{{cdn default_image}}\"{{/if}}\r\nclass=\"{{#unless lazyload '==' 'disabled'}}lazyload{{/unless}}{{#if class}} {{class}}{{/if}}\"\r\n{{#if lazyload '==' 'lazyload'}}loading=\"lazy\"{{/if}}\r\n{{otherAttributes}} />\r\n",
  "components/products/ratings": "<span role=\"img\"\r\n      alt=\"{{lang 'products.reviews.rating_aria_label' current_rating=rating max_rating=5}}\"\r\n      title=\"{{lang 'products.reviews.rating_aria_label' current_rating=rating max_rating=5}}\"\r\n>\r\n    {{#for 1 5}}\r\n        {{#if ../this.rating '>=' $index}}\r\n            <span class=\"icon icon--ratingFull\">\r\n                <svg>\r\n                    <use xlink:href=\"#icon-star\" />\r\n                </svg>\r\n            </span>\r\n        {{else}}\r\n            <span class=\"icon icon--ratingEmpty\">\r\n                <svg>\r\n                    <use xlink:href=\"#icon-star\" />\r\n                </svg>\r\n            </span>\r\n        {{/if}}\r\n    {{/for}}\r\n</span>\r\n",
  "components/common/login-for-pricing": "<p translate>Log in for pricing</p>\n",
  "components/products/bulk-discount-rates": "{{#if bulk_discount_rates.length}}\r\n    {{#if product}}<dt class=\"productView-info-name\">{{lang 'products.bulk_pricing.title'}}</dt>{{/if}}\r\n    <dd class=\"productView-info-value\">\r\n        <a href=\"{{product.url}}#bulk_pricing\"\r\n           {{#unless is_ajax }}data-reveal-id=\"modal-bulk-pricing\"{{/unless}}>\r\n            {{lang 'products.bulk_pricing.view'}}\r\n        </a>\r\n    </dd>\r\n    <div id=\"modal-bulk-pricing\" class=\"modal modal--small\" data-reveal>\r\n        <div class=\"modal-header\">\r\n            <h2 class=\"modal-header-title\">{{lang 'products.bulk_pricing.modal_title'}}</h2>\r\n            {{> components/common/modal/modal-close-btn}}\r\n        </div>\r\n        <div class=\"modal-body\">\r\n            <p>{{lang 'products.bulk_pricing.instructions'}}</p>\r\n            <ul>\r\n                {{#each bulk_discount_rates}}\r\n                <li>\r\n                    {{lang 'products.bulk_pricing.range' min=min max=max}}\r\n                    {{#if type '===' 'percent'}}\r\n                    {{lang 'products.bulk_pricing.percent' discount=discount.formatted}}\r\n                    {{else if type '===' 'fixed'}}\r\n                    {{lang 'products.bulk_pricing.fixed' discount=discount.formatted}}\r\n                    {{else if type '===' 'price'}}\r\n                    {{lang 'products.bulk_pricing.price' discount=discount.formatted}}\r\n                    {{/if}}\r\n                </li>\r\n                {{/each}}\r\n            </ul>\r\n        </div>\r\n    </div>\r\n{{/if}}\r\n",
  "components/products/price": "{{!-- There are 2 code paths for generating the PDP pricing HTML determined by the following #and condition. \r\nIf a 'price_range' exists then we generate all HTML in price-range.html, otherwise it is defined here. Both code\r\npaths generate the same HTML structure with some differences in whether that element is displayed by default (css styling).\r\n\r\nIf you are making a change here or in price-range.html, you probably want to make that change in both files. --}}\r\n\r\n{{#and price.price_range (if theme_settings.price_ranges '==' true)}}\r\n    {{> components/products/price-range price=price schema_org=schema_org}}\r\n{{else}}\r\n    {{#if price.with_tax}}\r\n        <div class=\"price-section price-section--withTax rrp-price--withTax\" {{#unless price.rrp_with_tax}}style=\"display: none;\"{{/unless}}>\r\n            {{theme_settings.pdp-retail-price-label}}\r\n            <span data-product-rrp-with-tax class=\"price price--rrp\">\r\n                {{price.rrp_with_tax.formatted}}\r\n            </span>\r\n        </div>\r\n        <div class=\"price-section price-section--withTax non-sale-price--withTax\" {{#unless price.non_sale_price_with_tax}}style=\"display: none;\"{{/unless}}>\r\n            {{theme_settings.pdp-non-sale-price-label}}\r\n            <span data-product-non-sale-price-with-tax class=\"price price--non-sale\">\r\n                {{price.non_sale_price_with_tax.formatted}}\r\n            </span>\r\n        </div>\r\n        <div class=\"price-section price-section--withTax\" {{#if schema_org}}itemprop=\"offers\" itemscope itemtype=\"http://schema.org/Offer\"{{/if}}>\r\n            <span class=\"price-label\" {{#if price.non_sale_price_with_tax}}style=\"display: none;\"{{/if}}>\r\n                {{theme_settings.pdp-price-label}}\r\n            </span>\r\n            <span class=\"price-now-label\" {{#unless price.non_sale_price_with_tax}}style=\"display: none;\"{{/unless}}>\r\n                Regular Price - \r\n            </span>\r\n            <span data-product-price-with-tax class=\"price price--withTax\">{{price.with_tax.formatted}}</span>\r\n            {{#if schema_org}}\r\n                <meta itemprop=\"availability\" itemtype=\"http://schema.org/ItemAvailability\" \r\n                \tcontent=\"http://schema.org/{{#if product.pre_order}}PreOrder{{else if product.out_of_stock}}OutOfStock{{else if product.can_purchase '===' false}}OutOfStock{{else}}InStock{{/if}}\">\r\n                <meta itemprop=\"itemCondition\" itemtype=\"http://schema.org/OfferItemCondition\" content=\"http://schema.org/{{product.condition}}Condition\">\r\n                <meta itemprop=\"priceCurrency\" content=\"{{currency_selector.active_currency_code}}\">\r\n                <meta itemprop=\"url\" content=\"{{product.url}}\">\r\n                <div itemprop=\"priceSpecification\" itemscope itemtype=\"http://schema.org/PriceSpecification\">\r\n                    <meta itemprop=\"price\" content=\"{{price.with_tax.value}}\">\r\n                    <meta itemprop=\"priceCurrency\" content=\"{{currency_selector.active_currency_code}}\">\r\n                    <meta itemprop=\"valueAddedTaxIncluded\" content=\"true\">\r\n                </div>\r\n            {{/if}}\r\n            {{#if price.without_tax}}\r\n                <abbr title=\"{{lang 'products.including_tax'}}\">{{lang 'products.price_with_tax' tax_label=price.tax_label}}</abbr>\r\n            {{/if}}\r\n        </div>\r\n    {{/if}}\r\n    {{#if price.without_tax}}\r\n        <div class=\"price-section price-section--withoutTax rrp-price--withoutTax{{#if price.with_tax}} price-section--minor{{/if}}\" {{#unless price.rrp_without_tax}}style=\"display: none;\"{{/unless}}>\r\n            {{theme_settings.pdp-retail-price-label}}\r\n            <span data-product-rrp-price-without-tax class=\"price price--rrp\"> \r\n                {{price.rrp_without_tax.formatted}}\r\n            </span>\r\n        </div>\r\n        <div class=\"price-section price-section--withoutTax non-sale-price--withoutTax{{#if price.with_tax}} price-section--minor{{/if}}\" {{#unless price.non_sale_price_without_tax}}style=\"display: none;\"{{/unless}}>\r\n            {{theme_settings.pdp-non-sale-price-label}}\r\n            <span data-product-non-sale-price-without-tax class=\"price price--non-sale\">\r\n                {{price.non_sale_price_without_tax.formatted}}\r\n            </span>\r\n        </div>\r\n        <div class=\"price-section price-section--withoutTax regular-price\" {{#if schema_org}}itemprop=\"offers\" itemscope itemtype=\"http://schema.org/Offer\"{{/if}}>\r\n            <span class=\"price-label\" {{#if price.non_sale_price_without_tax}}style=\"display: none;\"{{/if}}>\r\n                {{theme_settings.pdp-price-label}}\r\n            </span>\r\n            <span class=\"price-now-label\" {{#unless price.non_sale_price_without_tax}}style=\"display: none;\"{{/unless}}>\r\n                Regular Price - \r\n            </span>\r\n            <span data-product-price-without-tax class=\"price price--withoutTax{{#if price.with_tax}} price-section--minor{{/if}}\">{{price.without_tax.formatted}}</span>\r\n            {{#if schema_org}}\r\n                <meta itemprop=\"availability\" itemtype=\"http://schema.org/ItemAvailability\"\r\n                    content=\"http://schema.org/{{#if product.pre_order}}PreOrder{{else if product.out_of_stock}}OutOfStock{{else if product.can_purchase '===' false}}OutOfStock{{else}}InStock{{/if}}\">\r\n                <meta itemprop=\"itemCondition\" itemtype=\"http://schema.org/OfferItemCondition\" content=\"http://schema.org/{{product.condition}}Condition\">\r\n                <meta itemprop=\"priceCurrency\" content=\"{{currency_selector.active_currency_code}}\">\r\n                <meta itemprop=\"url\" content=\"{{product.url}}\">\r\n                <div itemprop=\"priceSpecification\" itemscope itemtype=\"http://schema.org/PriceSpecification\">\r\n                    <meta itemprop=\"price\" content=\"{{price.without_tax.value}}\">\r\n                    <meta itemprop=\"priceCurrency\" content=\"{{currency_selector.active_currency_code}}\">\r\n                    <meta itemprop=\"valueAddedTaxIncluded\" content=\"false\">\r\n                </div>\r\n            {{/if}}\r\n            {{#if price.with_tax}}\r\n                <abbr title=\"{{lang 'products.excluding_tax'}}\">{{lang 'products.price_without_tax' tax_label=price.tax_label}}</abbr>\r\n            {{/if}}\r\n        </div>\r\n    {{/if}}\r\n    {{#if page_type '===' 'product'}}\r\n         <div class=\"price-section price-section--saving price\" {{#unless price.saved}}style=\"display: none;\"{{/unless}}>\r\n                <span class=\"price\">{{lang 'products.you_save_opening_text'}}</span>\r\n                <span data-product-price-saved class=\"price price--saving\">\r\n                    {{price.saved.formatted}}\r\n                </span>\r\n                <span class=\"price\">{{lang 'products.you_save_closing_bracket'}}</span>\r\n         </div>\r\n    {{/if}}\r\n{{/and}}\r\n",
  "components/products/price-range": "{{#and price.retail_price_range.min.with_tax price.retail_price_range.max.with_tax}}\r\n    <div class=\"price-section price-section--withTax rrp-price--withTax\">\r\n        {{theme_settings.pdp-retail-price-label}}\r\n        <span data-product-rrp-price-with-tax class=\"price price--rrp\">{{price.retail_price_range.min.with_tax.formatted}} - {{price.retail_price_range.max.with_tax.formatted}}</span>\r\n    </div>\r\n{{else}}\r\n    {{#if price.with_tax}}\r\n        <div class=\"price-section price-section--withTax rrp-price--withTax\" style=\"display: none;\">\r\n            {{theme_settings.pdp-retail-price-label}}\r\n            <span data-product-rrp-with-tax class=\"price price--rrp\">\r\n                {{price.rrp_with_tax.formatted}}\r\n            </span>\r\n        </div>\r\n    {{/if}}\r\n{{/and}}\r\n{{#and price.price_range.min.with_tax price.price_range.max.with_tax}}\r\n    {{!-- Never display the \"non-sales price\" if there is a price range to be shown, but we do want the element on the page --}}\r\n    <div class=\"price-section price-section--withTax non-sale-price--withTax\" style=\"display: none;\">\r\n        {{theme_settings.pdp-non-sale-price-label}}\r\n        <span data-product-non-sale-price-with-tax class=\"price price--non-sale\">\r\n            {{price.non_sale_price_with_tax.formatted}}\r\n        </span>\r\n    </div>\r\n    <div class=\"price-section price-section--withTax\" {{#if schema_org}}itemprop=\"offers\" itemscope itemtype=\"http://schema.org/Offer\"{{/if}}>\r\n        <span class=\"price-label\">{{theme_settings.pdp-price-label}}</span>\r\n        <span class=\"price-now-label\" style=\"display: none;\">{{theme_settings.pdp-sale-price-label}}</span>\r\n        <span data-product-price-with-tax class=\"price price--withTax\">{{price.price_range.min.with_tax.formatted}} - {{price.price_range.max.with_tax.formatted}}</span>\r\n        {{#and price.price_range.min.without_tax price.price_range.max.without_tax}}\r\n            <abbr title=\"{{lang 'products.including_tax'}}\">{{lang 'products.price_with_tax' tax_label=price.price_range.min.tax_label}}</abbr>\r\n        {{/and}}\r\n        {{#if schema_org}}\r\n            <meta itemprop=\"availability\" itemtype=\"http://schema.org/ItemAvailability\"\r\n                    content=\"http://schema.org/{{#if product.pre_order}}PreOrder{{else if product.out_of_stock}}OutOfStock{{else if product.can_purchase '===' false}}OutOfStock{{else}}InStock{{/if}}\">\r\n            <meta itemprop=\"itemCondition\" itemtype=\"http://schema.org/OfferItemCondition\" content=\"http://schema.org/{{product.condition}}Condition\">\r\n            <meta itemprop=\"priceCurrency\" content=\"{{currency_selector.active_currency_code}}\">\r\n            <meta itemprop=\"url\" content=\"{{product.url}}\">\r\n            <div itemprop=\"priceSpecification\" itemscope itemtype=\"http://schema.org/PriceSpecification\">\r\n                <meta itemprop=\"minPrice\" content=\"{{price_range.min.with_tax.value}}\"  />\r\n                <meta itemprop=\"price\" content=\"{{price_range.min.with_tax.value}}\">\r\n                <meta itemprop=\"maxPrice\" content=\"{{price_range.max.with_tax.value}}\"  />\r\n                <meta itemprop=\"priceCurrency\" content=\"{{currency_selector.active_currency_code}}\">\r\n                <meta itemprop=\"valueAddedTaxIncluded\" content=\"true\">\r\n            </div>\r\n        {{/if}}\r\n    </div>\r\n{{/and}}\r\n{{#and price.retail_price_range.min.without_tax price.retail_price_range.max.without_tax}}\r\n    <div class=\"price-section price-section--withoutTax rrp-price--withoutTax{{#if price.with_tax}} price-section--minor{{/if}}\">\r\n        {{theme_settings.pdp-retail-price-label}}\r\n        <span data-product-rrp-price-without-tax class=\"price price--rrp\">{{price.retail_price_range.min.without_tax.formatted}} - {{price.retail_price_range.max.without_tax.formatted}}</span>\r\n    </div>\r\n{{else}}\r\n    {{#if price.without_tax}}\r\n        <div class=\"price-section price-section--withoutTax rrp-price--withoutTax{{#if price.with_tax}} price-section--minor{{/if}}\" style=\"display: none;\">\r\n            {{theme_settings.pdp-retail-price-label}}\r\n            <span data-product-rrp-price-without-tax class=\"price price--rrp\">\r\n                {{price.rrp_without_tax.formatted}}\r\n            </span>\r\n        </div>\r\n    {{/if}}\r\n{{/and}}\r\n{{#and price.price_range.min.without_tax price.price_range.max.without_tax}}\r\n    {{!-- Never display the \"non-sales price\" if there is a price range to be shown, but we do want the element on the page --}}\r\n    <div class=\"price-section price-section--withoutTax non-sale-price--withoutTax{{#if price.with_tax}} price-section--minor{{/if}}\" style=\"display: none;\">\r\n        {{theme_settings.pdp-non-sale-price-label}}\r\n        <span data-product-non-sale-price-without-tax class=\"price price--non-sale\">\r\n            {{price.non_sale_price_without_tax.formatted}}\r\n        </span>\r\n    </div>\r\n    <div class=\"price-section price-section--withoutTax{{#and price_range.min.with_tax price_range.max.with_tax}} price-section--minor{{/and}}\" {{#if schema_org}}itemprop=\"offers\" itemscope itemtype=\"http://schema.org/Offer\"{{/if}}>\r\n        <span class=\"price-label\">{{theme_settings.pdp-price-label}}</span>\r\n        <span class=\"price-now-label\" style=\"display: none;\">{{theme_settings.pdp-sale-price-label}}</span>\r\n        <span data-product-price-without-tax class=\"price price--withoutTax\">{{price.price_range.min.without_tax.formatted}} - {{price.price_range.max.without_tax.formatted}}</span>\r\n        {{#and price.price_range.min.with_tax price.price_range.max.with_tax}}\r\n            <abbr title=\"{{lang 'products.excluding_tax'}}\">{{lang 'products.price_without_tax' tax_label=price.price_range.min.tax_label}}</abbr>\r\n        {{/and}}\r\n        {{#if schema_org}}\r\n            <meta itemprop=\"availability\" itemtype=\"http://schema.org/ItemAvailability\"\r\n                    content=\"http://schema.org/{{#if product.pre_order}}PreOrder{{else if product.out_of_stock}}OutOfStock{{else if product.can_purchase '===' false}}OutOfStock{{else}}InStock{{/if}}\">\r\n            <meta itemprop=\"itemCondition\" itemtype=\"http://schema.org/OfferItemCondition\" content=\"http://schema.org/{{product.condition}}Condition\">\r\n            <meta itemprop=\"priceCurrency\" content=\"{{currency_selector.active_currency_code}}\">\r\n            <meta itemprop=\"url\" content=\"{{product.url}}\">\r\n            <div itemprop=\"priceSpecification\" itemscope itemtype=\"http://schema.org/PriceSpecification\">\r\n                <meta itemprop=\"minPrice\" content=\"{{price.price_range.min.without_tax.value}}\"  />\r\n                <meta itemprop=\"price\" content=\"{{price.price_range.min.without_tax.value}}\">\r\n                <meta itemprop=\"maxPrice\" content=\"{{price.price_range.max.without_tax.value}}\"  />\r\n                <meta itemprop=\"priceCurrency\" content=\"{{currency_selector.active_currency_code}}\">\r\n                <meta itemprop=\"valueAddedTaxIncluded\" content=\"false\">\r\n            </div>\r\n        {{/if}}\r\n    </div>\r\n{{/and}}\r\n\r\n{{!-- Never display the \"saving price\" element by default if there is a price range on the page to be shown --}}\r\n{{#if page_type '===' 'product'}}\r\n     <div class=\"price-section price-section--saving price\" style=\"display: none;\">\r\n            <span class=\"price\">{{lang 'products.you_save_opening_text'}}</span>\r\n            <span data-product-price-saved class=\"price price--saving\">\r\n                {{price.saved.formatted}}\r\n            </span>\r\n            <span class=\"price\">{{lang 'products.you_save_closing_bracket'}}</span>\r\n     </div>\r\n{{/if}}\r\n",
  "components/common/modal/modal-close-btn": "<button class=\"modal-close\"\r\n        type=\"button\"\r\n        title=\"{{lang 'common.close'}}\"\r\n        {{additional_attr}}\r\n>\r\n    <span class=\"aria-description--hidden\">{{lang 'common.close'}}</span>\r\n    <span aria-hidden=\"true\">&#215;</span>\r\n</button>\r\n"
}