{
  "pages/product": "---\nproduct:\n    videos:\n        limit: {{theme_settings.productpage_videos_count}}\n    reviews:\n        limit: {{theme_settings.productpage_reviews_count}}\n    related_products:\n        limit: {{theme_settings.productpage_related_products_count}}\n    similar_by_views:\n        limit: {{theme_settings.productpage_similar_by_views_count}}\n---\n{{inject 'productId' product.id}}\n\n{{#partial \"page\"}}\n\n    {{> components/common/breadcrumbs breadcrumbs=breadcrumbs}}\n\n    {{#each product.shipping_messages}}\n        {{> components/common/alert/alert-info message}}\n    {{/each}}\n\n    <div itemscope itemtype=\"http://schema.org/Product\">\n        {{> components/ob-custom/products/ob-product-view schema=true  }}\n\n        {{{region name=\"product_below_content\"}}}\n\n        {{#if product.videos.list.length}}\n            {{> components/products/videos product.videos}}\n        {{/if}}\n\n        {{#all settings.show_product_reviews theme_settings.show_product_reviews (if theme_settings.show_product_details_tabs '!==' true)}}\n            {{> components/products/reviews reviews=product.reviews product=product urls=urls}}\n        {{/all}}\n\n        {{#if product.related_products}}\n            <h4 class=\"ob-heading-sm\">Related Products</h4>\n            <div id=\"tab-related\">\n                {{> components/products/carousel products=product.related_products columns=4 list=\"Related Products\"}}\n            </div>\n        {{/if}}\n\n        {{#if product.similar_by_views}}\n            <h4 class=\"ob-heading-sm\">Customers Also Viewed</h4>\n            <div id=\"tab-similar\">\n                {{> components/products/carousel products=product.similar_by_views columns=4 list=\"Customers Also Viewed\" customArrowClass='js-viewed-product-arrow' }}\n            </div>\n        {{/if}}\n    </div>\n{{/partial}}\n{{> layout/base}}\n",
  "components/common/breadcrumbs": "<nav aria-label=\"Breadcrumb\">\n    <ol class=\"breadcrumbs\" itemscope itemtype=\"http://schema.org/BreadcrumbList\">\n        {{#unless theme_settings.hide_breadcrumbs }}\n            {{#each breadcrumbs}}\n                <li class=\"breadcrumb {{#if @last}}is-active{{/if}}\" itemprop=\"itemListElement\" itemscope itemtype=\"http://schema.org/ListItem\">\n                    <a class=\"breadcrumb-label\"\n                       itemprop=\"item\"\n                       href=\"{{url}}\"\n                       {{#if @last}}aria-current=\"page\"{{/if}}\n                    >\n                        <span itemprop=\"name\">{{name}}</span>\n                    </a>\n                    <meta itemprop=\"position\" content=\"{{add @index 1}}\" />\n                </li>\n            {{/each}}\n        {{/unless}}\n    </ol>\n</nav>\n",
  "components/products/videos": "<section class=\"toggle videoGallery\" data-video-gallery>\n    <h4 class=\"toggle-title\">\n        {{lang 'products.videos.header'}}\n        <a href=\"#videoGallery-content\" class=\"toggleLink is-open\" data-collapsible>\n            <span class=\"toggleLink-text toggleLink-text--on\">\n                {{lang 'products.videos.hide'}}\n            </span>\n            <span class=\"toggleLink-text toggleLink-text--off\">\n                {{lang 'products.videos.show'}}\n            </span>\n        </a>\n    </h4>\n\n    <div class=\"toggle-content is-open\" id=\"videoGallery-content\">\n        <div class=\"videoGallery-main\">\n            <iframe\n                id=\"player\"\n                class=\"lazyload\"\n                type=\"text/html\"\n                width=\"640\"\n                height=\"390\"\n                frameborder=\"0\"\n                webkitAllowFullScreen\n                mozallowfullscreen\n                allowFullScreen\n                data-src=\"//www.youtube.com/embed/{{this.featured.id}}?rel=0\"\n                data-video-player>\n            </iframe>\n        </div>\n        <ul class=\"videoGallery-list\">\n        {{#each this.list}}\n            <li class=\"videoGallery-item\">\n                <a href=\"#\" class=\"video {{#if @first}}is-active{{/if}}\" data-video-item data-video-id=\"{{id}}\">\n                    <div class=\"video-figure\">\n                        <img class=\"lazyload\" data-sizes=\"auto\" src=\"{{cdn 'img/loading.svg'}}\" data-src=\"//i.ytimg.com/vi/{{id}}/default.jpg\"/>\n                    </div>\n                    <div class=\"video-body\">\n                        <h5 class=\"video-title\">{{title_long}}</h5>\n                        <p class=\"video-description\">{{description_short}}</p>\n                    </div>\n                </a>\n            </li>\n        {{/each}}\n        </ul>\n    </div>\n\n</section>\n",
  "components/common/alert/alert-info": "<div class=\"alertBox alertBox--info\">\n    <div class=\"alertBox-column alertBox-icon\">\n        <icon glyph=\"ic-success\" class=\"icon\" aria-hidden=\"true\"><svg xmlns=\"http://www.w3.org/2000/svg\" width=\"24\" height=\"24\" viewBox=\"0 0 24 24\"><path d=\"M12 2C6.48 2 2 6.48 2 12s4.48 10 10 10 10-4.48 10-10S17.52 2 12 2zm1 15h-2v-2h2v2zm0-4h-2V7h2v6z\"></path></svg></icon>\n    </div>\n    <p class=\"alertBox-column alertBox-message\">\n        <span>{{{this}}}</span>\n    </p>\n</div>\n",
  "components/products/carousel": "<section class=\"productCarousel\"\n    data-list-name=\"{{list}}\"\n    data-slick='{\n        \"dots\": false,\n        \"infinite\": false,\n        \"mobileFirst\": true,\n        \"slidesToShow\": 1,\n        \"slidesToScroll\": 1,\n        \"slide\": \".js-product-slide\",\n        \"prevArrow\": \"{{#if customArrowClass}}.{{customArrowClass}}{{/if}}.js-product-prev-arrow\",\n        \"nextArrow\": \"{{#if customArrowClass}}.{{customArrowClass}}{{/if}}.js-product-next-arrow\",\n        \"responsive\": [\n            {\n                \"breakpoint\": 800,\n                \"settings\": {\n                    \"slidesToShow\": {{ columns }},\n                    \"slidesToScroll\": {{ columns }}\n                }\n            },\n            {\n                \"breakpoint\": 550,\n                \"settings\": {\n                    \"slidesToShow\": 3,\n                    \"slidesToScroll\": 3\n                }\n            }\n        ]\n    }'\n    data-dots-labels='{\n        \"dotAriaLabel\": \"{{lang 'carousel.dotAriaLabel'}}\",\n        \"activeDotAriaLabel\": \"{{lang 'carousel.activeDotAriaLabel'}}\"\n    }'>\n    {{#if products.length '>' 1}}\n    <button aria-label=\"{{lang 'carousel.arrowAriaLabel'}} {{products.length}}\" class=\"{{#if customArrowClass}}{{customArrowClass}} {{/if}}js-product-prev-arrow slick-prev slick-arrow\"></button>\n    {{/if}}\n    {{#each products}}\n    <div class=\"productCarousel-slide js-product-slide\">\n        {{> components/products/card settings=../settings theme_settings=../theme_settings customer=../customer event=\"list\" position=(add @index 1)}}\n    </div>\n    {{/each}}\n    {{#if products.length '>' 1}}\n    <button aria-label=\"{{lang 'carousel.arrowAriaLabel'}} {{products.length}}\" class=\"{{#if customArrowClass}}{{customArrowClass}} {{/if}}js-product-next-arrow slick-next slick-arrow\"></button>\n    {{/if}}\n</section>\n",
  "layout/base": "<!DOCTYPE html>\n<html class=\"no-js\" lang=\"{{ locale_name }}\">\n    <head>\n        <title>{{ head.title }}</title>\n        {{{ resourceHints }}}\n        {{{ head.meta_tags }}}\n        {{{ head.config }}}\n        {{#block \"head\"}} {{/block}}\n\n        <link href=\"{{ head.favicon }}\" rel=\"shortcut icon\">\n        <meta name=\"viewport\" content=\"width=device-width, initial-scale=1\">\n\n        <script>\n            {{!-- Change document class from no-js to js so we can detect this in css --}}\n            document.documentElement.className = document.documentElement.className.replace('no-js', 'js');\n        </script>\n\n        {{> components/common/polyfill-script }}\n\n        {{!-- Load Lazysizes script ASAP so images will appear --}}\n        <script>\n            {{!-- Only load visible elements until the onload event fires, after which preload nearby elements. --}}\n            window.lazySizesConfig = window.lazySizesConfig || {};\n            window.lazySizesConfig.loadMode = 1;\n        </script>\n        <script async src=\"{{cdn 'assets/dist/theme-bundle.head_async.js'}}\"></script>\n\n        <script src=\"https://ajax.googleapis.com/ajax/libs/webfont/1.6.26/webfont.js\"></script>\n\n        <script>\n            WebFont.load({\n                custom: {\n                    families: ['Karla', 'Roboto', 'Source Sans Pro']\n                },\n                classes: false\n            });\n        </script>\n\n        {{ getFontsCollection }}\n        {{{stylesheet '/assets/css/theme.css'}}}\n\n        {{{head.scripts}}}\n\n\n        {{~inject 'zoomSize' theme_settings.zoom_size}}\n        {{~inject 'productSize' theme_settings.product_size}}\n        {{~inject 'showAdminBar' theme_settings.show-admin-bar}}\n        {{~inject 'genericError' (lang 'common.generic_error')}}\n        {{~inject 'maintenanceModeSettings' settings.maintenance}}\n        {{~inject 'adminBarLanguage' (langJson 'admin')}}\n        {{~inject 'urls' urls}}\n        {{~inject 'secureBaseUrl' settings.secure_base_url}}\n        {{~inject 'cartId' cart_id}}\n        {{~inject 'channelId' settings.channel_id}}\n        {{~inject 'template' template}}\n        {{~inject 'validationDictionaryJSON' (langJson 'validation_messages')}}\n        {{~inject 'validationFallbackDictionaryJSON' (langJson 'validation_fallback_messages')}}\n        {{~inject 'validationDefaultDictionaryJSON' (langJson 'default_messages')}} \n    </head>\n    <body>\n        <svg data-src=\"{{cdn 'img/icon-sprite.svg'}}\" class=\"icons-svg-sprite\"></svg>\n\n        {{> components/ob-custom/ob-header }}\n        {{> components/common/body }}\n        {{> components/ob-custom/ob-footer }}\n\n        <script>window.__webpack_public_path__ = \"{{cdn 'assets/dist/'}}\";</script>\n        <script src=\"{{cdn 'assets/dist/theme-bundle.main.js'}}\"></script>\n        <script>\n            {{!-- Exported in app.js --}}\n            window.stencilBootstrap(\"{{page_type}}\", {{jsContext}}).load();\n        </script>\n\n        {{{footer.scripts}}}\n    </body>\n</html>\n",
  "components/products/reviews": "{{#if reviews.total}}\n<section class=\"toggle productReviews\" id=\"product-reviews\" data-product-reviews>\n    <h4 class=\"toggle-title\">\n        {{lang 'products.reviews.header' total=reviews.total}}\n        {{#if theme_settings.show_product_reviews}}\n            <a class=\"toggleLink is-open\" data-collapsible href=\"#productReviews-content\">\n                <span class=\"toggleLink-text toggleLink-text--on\">\n                    {{lang 'products.reviews.hide'}}\n                </span>\n                <span class=\"toggleLink-text toggleLink-text--off\">\n                    {{lang 'products.reviews.show'}}\n                </span>\n            </a>\n        {{/if}}\n    </h4>\n    <div class=\"toggle-content is-open\" id=\"productReviews-content\" aria-hidden=\"false\">\n        <ul class=\"productReviews-list\" id=\"productReviews-list\">\n            {{#each reviews.list}}\n            <li class=\"productReview\">\n                <article itemprop=\"review\" itemscope itemtype=\"http://schema.org/Review\">\n                    <header>\n                        <span class=\"productReview-rating rating--small\" itemprop=\"reviewRating\" itemscope itemtype=\"http://schema.org/Rating\">\n                            {{> components/products/ratings rating=rating}}\n                            <span class=\"productReview-ratingNumber\" itemprop=\"ratingValue\">{{ rating }}</span>\n                        </span>\n                        <h5 itemprop=\"name\" class=\"productReview-title\">{{{ sanitize title }}}</h5>\n                        {{#if name}}\n                            <meta itemprop=\"author\" content=\"{{name}}\">\n                            <p class=\"productReview-author\">\n                                {{{lang 'products.reviews.post_on_by' date=date name=(sanitize name) }}}\n                            </p>\n                        {{else}}\n                            <p class=\"productReview-author\">\n                                {{lang 'products.reviews.post_on_by' date=date name=(lang 'products.reviews.anonymous_poster')}}\n                            </p>\n                        {{/if}}\n                    </header>\n                    <p itemprop=\"reviewBody\" class=\"productReview-body\">{{{ sanitize text }}}</p>\n                </article>\n            </li>\n            {{/each}}\n        </ul>\n        {{> components/common/paginator pagination.reviews}}\n    </div>\n</section>\n{{/if}}\n",
  "components/ob-custom/products/ob-product-view": "<div class=\"productView\" {{#if settings.data_tag_enabled}} data-event-type=\"product\" data-entity-id=\"{{product.id}}\" data-name=\"{{product.title}}\" data-product-category=\"{{#each product.category}}{{#if @last}}{{this}}{{else}}{{this}}, {{/if}}{{/each}}\" data-product-brand=\"{{product.brand.name}}\" data-product-price=\"{{#if product.price.with_tax}}{{product.price.with_tax.value}}{{else}}{{product.price.without_tax.value}}{{/if}}\" data-product-variant=\"single-product-option\"{{/if}}>\n{{#each product.reviews.messages}}\n        {{#if error}}\n            {{> components/common/alert/alert-error error}}\n        {{/if}}\n        {{#if success}}\n            {{> components/common/alert/alert-success success}}\n        {{/if}}\n    {{/each}}\n\n    <section class=\"productView-images\" data-image-gallery>\n        {{!--\n            Note that these image sizes are coupled to image sizes used in /assets/js/theme/common/product-details.js\n            for variant/rule image replacement\n        --}}\n        <figure class=\"productView-image\"\n                data-image-gallery-main\n                {{#if product.main_image}}\n                data-zoom-image=\"{{getImageSrcset product.main_image (cdn theme_settings.default_image_product) 1x=theme_settings.zoom_size }}\"\n                {{/if}}\n                >\n            <div class=\"productView-img-container\">\n                {{!-- Remove the surrounding a-element if there is no main image. --}}\n                {{#if product.main_image}}\n                    <a href=\"{{getImageSrcset product.main_image (cdn theme_settings.default_image_product) 1x=theme_settings.zoom_size}}\"\n                        target=\"_blank\"{{#if schema}} itemprop=\"image\"{{/if}}>\n                {{/if}}\n                {{> components/common/responsive-img\n                    image=product.main_image\n                    class=\"productView-image--default\"\n                    fallback_size=theme_settings.product_size\n                    lazyload=theme_settings.lazyload_mode\n                    default_image=theme_settings.default_image_product\n                    otherAttributes=\"data-main-image\"\n                }}\n                {{!-- Remove the surrounding a-element if there is no main image. --}}\n                {{#if product.main_image}}\n                    </a>\n                {{/if}}\n            </div>\n        </figure>\n        <ul class=\"productView-thumbnails\"{{#gt product.images.length 5}} data-slick='{\n                \"infinite\": false,\n                \"mobileFirst\": true,\n                \"dots\": false,\n                \"accessibility\": false,\n                \"slidesToShow\": 5,\n                \"slidesToScroll\": 5\n            }'\n            data-arrow-label=\"{{lang 'carousel.arrowAriaLabel'}} {{product.images.length}}\"\n            {{/gt}}>\n            {{#each product.images}}\n                <li class=\"productView-thumbnail\">\n                    <a\n                        class=\"productView-thumbnail-link\"\n                        href=\"{{getImageSrcset this (cdn ../theme_settings.default_image_product) 1x=../theme_settings.zoom_size}}\"\n                        data-image-gallery-item\n                        data-image-gallery-new-image-url=\"{{getImageSrcset this (cdn ../theme_settings.default_image_product) 1x=../theme_settings.product_size}}\"\n                        data-image-gallery-new-image-srcset=\"{{getImageSrcset this use_default_sizes=true}}\"\n                        data-image-gallery-zoom-image-url=\"{{getImageSrcset this (cdn ../theme_settings.default_image_product) 1x=../theme_settings.zoom_size}}\"\n                    >\n                    {{> components/common/responsive-img\n                        image=this\n                        fallback_size=../theme_settings.productview_thumb_size\n                        lazyload=../theme_settings.lazyload_mode\n                    }}\n                    </a>\n                </li>\n            {{/each}}\n        </ul>\n    </section>\n\n    <section class=\"productView-details product-data\">\n        <div class=\"productView-product\">\n            <h1 class=\"productView-title\" {{#if schema}}itemprop=\"name\"{{/if}}>{{product.title}}</h1>\n\n            <article class=\"productView-description\"{{#if schema}} itemprop=\"description\"{{/if}}>\n                {{{product.description}}}\n            </article>\n\n            {{#if customer.customer_group_name '===' \"Fit Club\"}}\n            <div class=\"charlesprice\" style=\"padding-top:10px;\">\n                <table style=\"width:100%;\">\n                      <tr>\n                          <th>{{customer.customer_group_name}} Discount Applied!</th>\n                          <th>You Save</th>\n                      </tr>\n                      <tr>\n                        <th><p>${{toFixed (multiply product.price.without_tax.value 1.0) 2}}</p></th>\n                        <th><p class=\"highlighted-price\">${{toFixed (multiply product.price.without_tax.value 0.25) 2}}</p></th>\n                      </tr>\n                </table>\n            </div>\n            {{else if customer.customer_group_name '===' \"BFF 50%\"}}\n            <div class=\"charlesprice\" style=\"padding-top:10px;\">\n                <table style=\"width:100%;\">\n                      <tr>\n                          <th>{{customer.customer_group_name}} Discount Applied!</th>\n                          <th>You Save</th>\n                      </tr>\n                      <tr>\n                        <th><p>${{toFixed (multiply product.price.without_tax.value 1.0) 2}}</p></th>\n                        <th><p class=\"highlighted-price\">${{toFixed (multiply product.price.without_tax.value 1.0) 2}}</p></th>\n                      </tr>\n                </table>\n            </div>\n            {{else if customer.customer_group_name '===' \"C&L 50%\"}}\n            <div class=\"charlesprice\" style=\"padding-top:10px;\">\n                <table style=\"width:100%;\">\n                      <tr>\n                          <th>{{customer.customer_group_name}} Discount Applied!</th>\n                          <th>You Save</th>\n                      </tr>\n                      <tr>\n                        <th><p>${{toFixed (multiply product.price.without_tax.value 1.0) 2}}</p></th>\n                        <th><p class=\"highlighted-price\">${{toFixed (multiply product.price.without_tax.value 1.0) 2}}</p></th>\n                      </tr>\n                </table>\n            </div>\n            {{else if customer.customer_group_name '===' \"BFF 35%\"}}\n            <div class=\"charlesprice\" style=\"padding-top:10px;\">\n                <table style=\"width:100%;\">\n                      <tr>\n                          <th>{{customer.customer_group_name}} Discount Applied!</th>\n                          <th>You Save</th>\n                      </tr>\n                      <tr>\n                        <th><p>${{toFixed (multiply product.price.without_tax.value 1.0) 2}}</p></th>\n                        <th><p class=\"highlighted-price\">${{toFixed (multiply product.price.without_tax.value 0.538462) 2}}</p></th>\n                      </tr>\n                </table>\n            </div>\n            {{else}}\n            <div class=\"charlesprice\" style=\"padding-top:10px;\">\n                <table style=\"width:100%;\">\n                      <tr>\n                          <th>Normal Price</th>\n                          <th>Fit Club Price</th>\n                      </tr>\n                      <tr>\n                        <th><p>${{toFixed (multiply product.price.without_tax.value 1.0) 2}}</p></th>\n                        <th><p class=\"highlighted-price\">${{toFixed (multiply product.price.without_tax.value 0.8) 2}}</p></th>\n                      </tr>\n                </table>\n            </div>\n            {{/if}}\n\n            {{{region name=\"product_below_price\"}}}\n            <div class=\"productView-rating\"{{#if product.num_reviews '>' 0}}{{#if schema}} itemprop=\"aggregateRating\" itemscope itemtype=\"http://schema.org/AggregateRating\"{{/if}}{{/if}}>\n                {{#if settings.show_product_rating}}\n                    {{#if product.num_reviews '>' 0}}\n                        {{#if schema}}\n                            <meta itemprop=\"ratingValue\" content=\"{{product.rating}}\">\n                            <meta itemprop=\"ratingCount\" content=\"{{product.num_reviews}}\">\n                            <meta itemprop=\"reviewCount\" content=\"{{product.num_reviews}}\">\n                        {{/if}}\n                    {{/if}}\n                        {{> components/products/ratings rating=product.rating}}\n                    {{#if product.num_reviews '>' 0}}\n                        <a href=\"{{product.url}}#product-reviews\" id=\"productReview_link\">\n                            {{lang 'products.reviews.link_to_review' total=product.num_reviews}}\n                        </a>\n                    {{else}}\n                        <span>{{lang 'products.reviews.link_to_review' total=product.num_reviews}}</span>\n                    {{/if}}\n                {{/if}}\n                {{#if settings.show_product_reviews}}\n                    <a href=\"{{product.url}}{{#if is_ajax}}#write_review{{/if}}\"\n                       class=\"productView-reviewLink productView-reviewLink--new\"\n                       {{#unless is_ajax}}data-reveal-id=\"modal-review-form\"{{/unless}}\n                       role=\"button\"\n                    >\n                       {{lang 'products.reviews.new'}}\n                    </a>\n                    {{> components/products/modals/writeReview}}\n                {{/if}}\n            </div>\n            {{product.detail_messages}}\n        </div>\n    </section>\n\n    <section class=\"productView-details product-options\">\n        <div class=\"productView-options\">\n            {{#if product.release_date }}\n                <p>{{product.release_date}}</p>\n            {{/if}}\n            <form class=\"form\" method=\"post\" action=\"{{product.cart_url}}\" enctype=\"multipart/form-data\"\n                  data-cart-item-add>\n                <input type=\"hidden\" name=\"action\" value=\"add\">\n                <input type=\"hidden\" name=\"product_id\" value=\"{{product.id}}\"/>\n                <div data-product-option-change style=\"display:none;\">\n                    {{#each product.options}}\n                        {{{dynamicComponent 'components/products/options'}}}\n                    {{/each}}\n                </div>\n                <div class=\"form-field form-field--stock{{#unless product.stock_level}} u-hiddenVisually{{/unless}}\">\n                    <label class=\"form-label form-label--alternate\">\n                        {{lang 'products.current_stock'}}\n                        <span data-product-stock>{{product.stock_level}}</span>\n                    </label>\n                </div>\n                {{> components/products/add-to-cart}}\n                {{#if product.out_of_stock}}\n                    {{#if product.out_of_stock_message}}\n                        {{> components/common/alert/alert-error product.out_of_stock_message}}\n                    {{else}}\n                        {{> components/common/alert/alert-error (lang 'products.sold_out')}}\n                    {{/if}}\n                {{/if}}\n            </form>\n        </div>\n    </section>\n</div>\n\n<div class=\"row products-facts\">\n    <div class=\"col-md-6 col-sm-6 nutrition-label\">\n        <section class=\"performance-facts\" style=\"padding-bottom:20px;\">\n            <header class=\"performance-facts__header\">\n                <h1 class=\"performance-facts__title\">Nutrition Facts</h1>\n                <p>{{#filter product.custom_fields 'Servings' property='name' }} {{value}} {{/filter}} Serving Per Container</p>\n                <p>Serving Size {{#filter product.custom_fields 'Serving Size' property='name' }} {{value}} {{/filter}} Serving, {{#filter product.custom_fields 'Serving Size Oz' property='name' }} {{value}} {{/filter}}oz ({{#filter product.custom_fields 'Serving Size Grams' property='name' }} {{value}} {{/filter}}g)\n            </header>\n            \n            <table class=\"performance-facts__table\">\n                <thead>\n                    <tr>\n                        <th colspan=\"3\" class=\"small-info\">Amount Per Serving</th>\n                    </tr>\n                </thead>\n                <tbody>\n                    <tr>\n                        <th colspan=\"2\">\n                            <b>Calories</b>\n                            {{#filter product.custom_fields 'Calories' property='name' }} {{value}} {{/filter}}\n                        </th>\n                        <td></td>\n                    </tr>\n                    <tr class=\"thick-row\">\n                        <td colspan=\"3\" class=\"small-info\"><b>% Daily Value*</b></td>\n                    </tr>\n                    <tr>\n                        <th colspan=\"2\">\n                            <b>Total Fat</b>\n                            {{#filter product.custom_fields 'Total Fat' property='name' }} {{value}} {{/filter}}g\n                        </th>\n                        <td>\n                            <b>{{#filter product.custom_fields 'Percent Total Fat' property='name' }} {{value}} {{/filter}}%</b>\n                        </td>\n                    </tr>\n                    <tr>\n                        <td class=\"blank-cell\"></td>\n                        <th>\n                            Saturated Fat\n                            {{#filter product.custom_fields 'Saturated Fat' property='name' }} {{value}} {{/filter}}g\n                        </th>\n                        <td>\n                            <b>{{#filter product.custom_fields 'Percent Saturated Fat' property='name' }} {{value}} {{/filter}}%</b>\n                        </td>\n                    </tr>\n                    <tr>\n                        <td class=\"blank-cell\"></td>\n                        <th>Trans Fat 0g</th>\n                        <td></td>\n                    </tr>\n                    <tr>\n                        <th colspan=\"2\">\n                            <b>Sodium</b>\n                            {{#filter product.custom_fields 'Sodium' property='name' }} {{value}} {{/filter}}mg\n                        </th>\n                        <td>\n                            <b>{{#filter product.custom_fields 'Percent Sodium' property='name' }} {{value}} {{/filter}}%</b>\n                        </td>\n                    </tr>\n                    <tr>\n                        <th colspan=\"2\">\n                            <b>Total Carbohydrate</b>\n                            {{#filter product.custom_fields 'Total Carbohydrates' property='name' }} {{value}} {{/filter}}g\n                        </th>\n                        <td>\n                            <b>{{#filter product.custom_fields 'Percent Carbohydrate' property='name' }} {{value}} {{/filter}}%</b>\n                        </td>\n                    </tr>\n                    <tr>\n                        <td class=\"blank-cell\"></td>\n                        <th>\n                            Dietary Fiber\n                            {{#filter product.custom_fields 'Dietary Fiber' property='name' }} {{value}} {{/filter}}g\n                        </th>\n                        <td>\n                            <b>{{#filter product.custom_fields 'Percent Dietary Fiber' property='name' }} {{value}} {{/filter}}%</b>\n                        </td>\n                    </tr>\n                    <tr>\n                        <td class=\"blank-cell\"></td>\n                        <th>\n                            Total Sugars\n                            {{#filter product.custom_fields 'Total Sugars' property='name' }} {{value}} {{/filter}}g\n                        </th>\n                        <td></td>\n                    </tr>\n                    <tr>\n                        <td class=\"blank-cell\"></td>\n                        <th>\n                            Includes\n                            {{#filter product.custom_fields 'Added Sugar' property='name' }} {{value}} {{/filter}}g added sugars\n                        </th>\n                        <td>\n                            <b>{{#filter product.custom_fields 'Percent Added Sugars' property='name' }} {{value}} {{/filter}}%</b>\n                        </td>\n                    </tr>\n                    <tr class=\"thick-end\">\n                        <th colspan=\"2\">\n                            <b>Protein</b>\n                            {{#filter product.custom_fields 'Protein' property='name' }} {{value}} {{/filter}}g\n                        </th>\n                        <td></td>\n                    </tr>\n                </tbody>\n            </table>\n            <p><b>Allergens:</b>{{#filter product.custom_fields 'Allergens' property='name' }} {{value}} {{/filter}}</p>\n        </section>\n    </div>\n    <div class=\"col-md-6 col-sm-6 ingredient-icons\">\n        <h3 class=\"productView-desc-heading\">Ingredients</h3>    \n        <table style=\"width: 100%; border-collapse: collapse; text-align: center;\" border=\"0\">\n            <tbody>\n                <tr>\n                    <td style=\"width: 33.3333%;\"><img src=\"../product_images/uploaded_images/icons/{{#filter product.custom_fields 'Ingredient 1 Icon' property='name'}}{{value}}{{/filter}}.png\" alt=\"{{#filter product.custom_fields 'Ingredient 1 Name' property='name'}}{{value}}{{/filter}}\" width=\"100\" height=\"100\" /></td>\n                    <td style=\"width: 33.3333%;\"><img src=\"../product_images/uploaded_images/icons/{{#filter product.custom_fields 'Ingredient 2 Icon' property='name'}}{{value}}{{/filter}}.png\" alt=\"{{#filter product.custom_fields 'Ingredient 2 Name' property='name'}}{{value}}{{/filter}}\" width=\"100\" height=\"100\" /></td>\n                    <td style=\"width: 33.3333%;\"><img src=\"../product_images/uploaded_images/icons/{{#filter product.custom_fields 'Ingredient 3 Icon' property='name'}}{{value}}{{/filter}}.png\" alt=\"{{#filter product.custom_fields 'Ingredient 3 Name' property='name'}}{{value}}{{/filter}}\" width=\"100\" height=\"100\" /></td>\n                </tr>\n                <tr>\n                    <td style=\"width: 33.3333%;\">&nbsp;</td>\n                    <td style=\"width: 33.3333%;\">&nbsp;</td>\n                    <td style=\"width: 33.3333%;\">&nbsp;</td>\n                </tr>\n                <tr>\n                    <td style=\"width: 33.3333%;\"><strong>{{#filter product.custom_fields 'Ingredient 1 Name' property='name'}}{{value}}{{/filter}}<br /></strong></td>\n                    <td style=\"width: 33.3333%;\"><strong>{{#filter product.custom_fields 'Ingredient 2 Name' property='name'}}{{value}}{{/filter}}</strong></td>\n                    <td style=\"width: 33.3333%;\"><strong>{{#filter product.custom_fields 'Ingredient 3 Name' property='name'}}{{value}}{{/filter}}</strong></td>\n                </tr>\n                <tr>\n                    <td style=\"width: 33.3333%;\">&nbsp;</td>\n                    <td style=\"width: 33.3333%;\">&nbsp;</td>\n                    <td style=\"width: 33.3333%;\">&nbsp;</td>\n                </tr>\n                <tr>\n                    <td style=\"width: 33.3333%;\"><img src=\"../product_images/uploaded_images/icons/{{#filter product.custom_fields 'Ingredient 4 Icon' property='name'}}{{value}}{{/filter}}.png\" alt=\"{{#filter product.custom_fields 'Ingredient 4 Name' property='name' }}{{value}}{{/filter}}\" width=\"100\" height=\"100\" /></td>\n                    <td style=\"width: 33.3333%;\"><img src=\"../product_images/uploaded_images/icons/{{#filter product.custom_fields 'Ingredient 5 Icon' property='name'}}{{value}}{{/filter}}.png\" alt=\"{{#filter product.custom_fields 'Ingredient 5 Name' property='name' }}{{value}}{{/filter}}\" width=\"100\" height=\"100\" /></td>\n                    <td style=\"width: 33.3333%;\"><img src=\"../product_images/uploaded_images/icons/{{#filter product.custom_fields 'Ingredient 6 Icon' property='name'}}{{value}}{{/filter}}.png\" alt=\"{{#filter product.custom_fields 'Ingredient 6 Name' property='name' }}{{value}}{{/filter}}\" width=\"100\" height=\"100\" /></td>\n                </tr>\n                <tr>\n                    <td style=\"width: 33.3333%;\">&nbsp;</td>\n                    <td style=\"width: 33.3333%;\">&nbsp;</td>\n                    <td style=\"width: 33.3333%;\">&nbsp;</td>\n                </tr>\n                <tr>\n                    <td style=\"width: 33.3333%;\"><strong>{{#filter product.custom_fields 'Ingredient 4 Name' property='name'}}{{value}}{{/filter}}</strong></td>\n                    <td style=\"width: 33.3333%;\"><strong>{{#filter product.custom_fields 'Ingredient 5 Name' property='name'}}{{value}}{{/filter}}</strong></td>\n                    <td class=\"ingredient-block\"><strong>{{#filter product.custom_fields 'Ingredient 6 Name' property='name'}}{{value}}{{/filter}}</strong></td>\n                </tr>\n                <tr>\n                    <td colspan=\"3\" style=\"padding-top: 25px;\" font-weight:bold;>{{product.warranty}}</td>\n                </tr>\n            </tbody>\n        </table>\n    </div>\n</div>\n\n<div id=\"previewModal\" class=\"modal modal--large\" data-reveal>\n    {{> components/common/modal/modal-close-btn }}\n    <div class=\"modal-content\"></div>\n    <div class=\"loadingOverlay\"></div>\n</div>\n",
  "components/ob-custom/ob-header": "<a href=\"#main-content\" class=\"skip-to-main-link\">{{lang 'header.skip_to_main'}}</a>\n{{#if banners.top}}\n<div class=\"banners\" data-banner-location=\"top\">\n    {{#each (limit banners.top_metadata 1)}}\n    <div class=\"banner\" data-event-type=\"promotion\" data-entity-id=\"{{this.id}}\" data-name=\"{{this.banner-name}}\" data-position=\"{{this.location}}\" data-banner-id=\"{{this.banner-name}}\">\n        <div data-event-type=\"promotion-click\">\n            {{{this.content}}}\n        </div>\n    </div>\n    {{/each}}\n</div>\n{{/if}}\n<header class=\"header\" role=\"banner\">\n    <a href=\"#\" class=\"mobileMenu-toggle\" data-mobile-menu-toggle=\"menu\">\n        <span class=\"mobileMenu-toggleIcon\">Toggle menu</span>\n    </a>\n\n    <div class=\"container header-container\">\n        {{#if page_type '===' 'default'}}\n            <h1 class=\"header-logo header-logo--{{theme_settings.logo-position}}\">\n                <a href=\"/\"><img src=\"{{cdn 'assets/img/ob-custom/logo-blue.png'}}\" alt=\"\" /></a>\n            </h1>\n        {{else}}\n            <div class=\"header-logo header-logo--{{theme_settings.logo-position}}\">\n                <a href=\"/\"><img src=\"{{cdn 'assets/img/ob-custom/logo-blue.png'}}\" alt=\"\" /></a>\n            </div>\n        {{/if}}\n        <div class=\"navPages-container\" id=\"menu\" data-menu>\n            {{> components/ob-custom/ob-navigation-menu}}\n        </div>\n        <div class=\"navPages-quickSearch ob-desktop\">\n            {{> components/common/quick-search name='nav-menu-quick-search'}}\n        </div>\n    </div>\n</header>\n{{{region name=\"header_bottom--global\"}}}\n{{{region name=\"header_bottom\"}}}\n\n<a href=\"\" class=\"skip-to-top\">\n    <svg>\n        <use xmlns:xlink=\"http://www.w3.org/1999/xlink\" xlink:href=\"#icon-ob-arrow-up\"></use>\n    </svg>\n</a>\n",
  "components/common/body": "<main class=\"body\" id='main-content' role='main' data-currency-code=\"{{currency_selector.active_currency_code}}\">\n    {{#block \"hero\"}} {{/block}}\n    <div class=\"container\">\n        {{#block \"page\"}} {{/block}}\n    </div>\n    {{> components/common/modal/modal}}\n    {{> components/common/alert/alert-modal}}\n</main>\n",
  "components/ob-custom/ob-footer": "{{#if banners.bottom}}\n    {{#if settings.data_tag_enabled}}\n        <div class=\"banners\" data-banner-location=\"bottom\">\n            {{#each (limit banners.bottom_metadata 1)}}\n                <div class=\"banner\" data-event-type=\"promotion\" data-entity-id=\"{{this.id}}\" data-name=\"{{this.banner-name}}\" data-position=\"{{this.location}}\" data-name=\"{{this.banner-name}}\">\n                    <div data-event-type=\"promotion-click\">\n                        {{{this.content}}}\n                    </div>\n                </div>\n            {{/each}}\n        </div>\n    {{else}}\n        <div class=\"banners\" data-banner-location=\"bottom\">\n            <div class=\"banner\">\n                {{{limit banners.bottom 1}}}\n            </div>\n        </div>\n    {{/if}}\n{{/if}}\n<footer class=\"footer\" role=\"contentinfo\">\n    <div class=\"container\">\n        <section class=\"footer-info row\">\n            <div class=\"col-md-8 col-sm-12\">\n                <article class=\"footer-info-col col-md-4 col-sm-4\" data-section-type=\"footer-webPages\">\n                    <h3 class=\"footer-info-heading\">About</h3>\n                    <ul class=\"footer-info-list\">\n                        <li>\n                            <a href=\"/why-mff/\">About MyFitFoods</a>\n                        </li>\n                        <li>\n                            <a href=\"/success-stories/\">Real Stories</a>\n                        </li>\n                        <li>\n                            <a href=\"/locations/\">Locations</a>\n                        </li>\n                        <li>\n                            <a href=\"/fit-club/\">Fit Club</a>\n                        </li>\n                        <li>\n                            <a href=\"/faq/\">FAQs</a>\n                        </li>\n                    </ul>\n                </article>\n                <article class=\"footer-info-col col-md-4 col-sm-4\" data-section-type=\"footer-webPages\">\n                    <h3 class=\"footer-info-heading\">Foods</h3>\n                    <ul class=\"footer-info-list\">\n                        <li>\n                            <a href=\"/quickstart/\">Shop All Meals</a>\n                        </li>\n                        <li>\n                            <a href=\"/breakfast/\">Breakfast</a>\n                        </li>\n                        <li>\n                            <a href=\"/lunch/\">Lunch</a>\n                        </li>\n                        <li>\n                            <a href=\"/dinner/\">Dinner</a>\n                        </li>\n                        <li>\n                            <a href=\"/snacks/\">Snacks</a>\n                        </li>\n                    </ul>\n                </article>\n                <article class=\"footer-info-col col-md-4 col-sm-4\" data-section-type=\"footer-webPages\">\n                    <h3 class=\"footer-info-heading\">Info</h3>\n                    <ul class=\"footer-info-list\">\n                        <li>\n                            <a href=\"/blog/\">The Fit Life Blog</a>\n                        </li>\n                        <!--<li>-->\n                        <!--    <a href=\"/brand-assets/\">Brand Assets</a>-->\n                        <!--</li>-->\n                        <li>\n                            <a href=\"/contact-us/\">Contact Us</a>\n                        </li>\n                        <li>\n                            <a href=\"/fitchecks/\">#Fitchecks</a>\n                        </li>\n                        <li>\n                            <a href=\"{{urls.sitemap}}\">{{lang 'sitemap.page_title'}}</a>\n                        </li>\n                    </ul>\n                </article>\n            </div>\n            <div class=\"col-md-4 col-sm-12\">\n                <article class=\"footer-info-col footer-social-col col-md-12\">\n                    <img src=\"{{cdn 'assets/img/ob-custom/logo-green.png'}}\" class=\"sub-logo\" alt=\"\" />\n\n                    <div class=\"social-block\">\n                        <a href=\"https://www.facebook.com/MyFitFoodsMeals\"><img src=\"{{cdn 'assets/img/ob-custom/facebook.png'}}\" alt=\"\" /></a>\n                        <a href=\"https://www.instagram.com/myfitfoodsofficial/\"><img src=\"{{cdn 'assets/img/ob-custom/instagram.png'}}\" alt=\"\" /></a>\n                        <span>#GIVEAFIT</span>\n                    </div>\n                </article>\n            </div>\n        </section>\n\n        <div class=\"footer-copyright\">\n            <div class=\"container\">\n                <div class=\"privacy-links\">\n                    <a href=\"/privacy-policy/\">Privacy Policy</a>\n                    <a href=\"/terms-of-service/\">Terms of Service</a>\n                </div>\n\n                <div class=\"footer-store\">\n                    <p>&copy; {{moment format=\"YYYY\"}} MyFitFoods, LLC.</p>\n                </div>\n            </div>\n        </div>\n    </div>\n</footer>\n",
  "components/products/ratings": "<span role=\"img\"\n      alt=\"{{lang 'products.reviews.rating_aria_label' current_rating=rating max_rating=5}}\"\n      title=\"{{lang 'products.reviews.rating_aria_label' current_rating=rating max_rating=5}}\"\n>\n    {{#for 1 5}}\n        {{#if ../this.rating '>=' $index}}\n            <span class=\"icon icon--ratingFull\">\n                <svg>\n                    <use xlink:href=\"#icon-star\" />\n                </svg>\n            </span>\n        {{else}}\n            <span class=\"icon icon--ratingEmpty\">\n                <svg>\n                    <use xlink:href=\"#icon-star\" />\n                </svg>\n            </span>\n        {{/if}}\n    {{/for}}\n</span>\n",
  "components/products/card": "<article class=\"card {{#if alternate}}card--alternate{{/if}}\" {{#if settings.data_tag_enabled}} data-event-type=\"{{event}}\" data-entity-id=\"{{id}}\" data-position=\"{{position}}\" data-name=\"{{name}}\" data-product-category=\"{{#each category}}{{#if @last}}{{this}}{{else}}{{this}}, {{/if}}{{/each}}\" data-product-brand=\"{{brand.name}}\" data-product-price=\"{{#if price.with_tax}}{{price.with_tax.value}}{{else}}{{price.without_tax.value}}{{/if}}\"  {{/if}}>\n    <figure class=\"card-figure\">\n        {{#or price.sale_price_with_tax.value price.sale_price_without_tax.value}}\n            {{#if theme_settings.product_sale_badges '===' 'sash'}}\n                <div class=\"sale-flag-sash\">\n                    <span class=\"sale-text\">{{{theme_settings.pdp_sale_badge_label}}}</span>\n                </div>\n            {{else if theme_settings.product_sale_badges '===' 'topleft'}}\n                <div class=\"sale-flag-side\">\n                    <span class=\"sale-text\">{{{theme_settings.pdp_sale_badge_label}}}</span>\n                </div>\n            {{else if theme_settings.product_sale_badges '===' 'burst'}}\n                <div class=\"starwrap\">\n                    <div class=\"sale-text-burst\">{{{theme_settings.pdp_sale_badge_label}}}</div>\n                    <div class=\"sale-flag-star\"></div>\n                </div>\n            {{/if}}\n        {{/or}}\n        <a href=\"{{url}}\" \n           class=\"card-figure__link\"\n           aria-label=\"{{name}},{{> components/products/product-aria-label}}\"\n           {{#if settings.data_tag_enabled}} data-event-type=\"product-click\" {{/if}}\n        >\n            {{#each custom_fields}}\n                {{#if name '===' 'Gluten Free'}}\n                    {{#if value '===' 'Yes'}}\n                    <div class=\"sale-flag-side sale-flag-side--custom\" style=\"background-color:#c0ca7f; color:#67803b; text-transform:uppercase; font-weight:600;\">\n                        <span style=\"color:#67803b;\" class=\"sale-text\">Gluten Free</span>\n                    </div>\n                    {{/if}}\n                {{/if}}\n                {{#if name '===' 'New'}}\n                    {{#if value '===' 'Yes'}}\n                    <div class=\"sale-flag-side sale-flag-side--custom\" style=\"background-color:#67803b; color:#c0ca7f; text-transform:uppercase; font-weight:600; \">\n                        <span style=\"color:#c0ca7f;\" class=\"sale-text\">New Item</span>\n                    </div>\n                    {{/if}}    \n                {{/if}}\n                {{#if name '===' 'Low Carb'}}\n                    {{#if value '===' 'No'}}\n                    <div class=\"sale-flag-side sale-flag-side--custom\" style=\"background-color:#f0e4b2; color:#67803b; text-transform:uppercase; font-weight:600; \">\n                        <span style=\"color:#67803b;\" class=\"sale-text\">Low Glycemic Carb</span>\n                    </div>\n                    {{/if}}\n                {{/if}}\n                {{#if name '===' 'Low Carb'}}\n                    {{#if value '===' 'Yes'}}\n                    <div class=\"sale-flag-side sale-flag-side--custom\" style=\"background-color:#ffbf3c; text-transform:uppercase; font-weight:600; \">\n                        <span style=\"color:#ffffff;\" class=\"sale-text\">Low Carb</span>\n                    </div>\n                    {{/if}} \n                {{/if}}\n                {{#if name '===' '__badge'}}\n                    <div class=\"sale-flag-side sale-flag-side--custom\">\n                        <span class=\"sale-text\">{{{value}}}</span>\n                    </div>\n                {{/if}}\n            {{/each}}\n\n            <div class=\"card-img-container\">\n                {{> components/common/responsive-img\n                    image=image\n                    class=\"card-image\"\n                    fallback_size=theme_settings.productgallery_size\n                    lazyload=theme_settings.lazyload_mode\n                    default_image=theme_settings.default_image_product\n                }}\n            </div>\n        </a>\n\n        <figcaption class=\"card-figcaption\">\n            <div class=\"card-figcaption-body\">\n                {{#unless hide_product_quick_view}}\n                    {{#if theme_settings.show_product_quick_view}}\n                        {{#if settings.data_tag_enabled}}\n                            <button class=\"button button--small card-figcaption-button quickview\" data-event-type=\"product-click\" data-product-id=\"{{id}}\">{{lang 'products.quick_view'}}</button>\n                        {{else}}\n                            <button class=\"button button--small card-figcaption-button quickview\" data-product-id=\"{{id}}\">{{lang 'products.quick_view'}}</button>\n                        {{/if}}\n                    {{/if}}\n                {{/unless}}\n            </div>\n        </figcaption>\n    </figure>\n    <div class=\"card-body\">\n        {{#or customer (if theme_settings.restrict_to_login '!==' true)}}\n            {{#if show_cart_action}}\n                {{#if has_options}}\n                    <a href=\"{{url}}\" data-event-type=\"product-click\" class=\"button button--small card-figcaption-button ob-btn ob-btn-light-green ob-btn-inline\" data-product-id=\"{{id}}\">{{lang 'products.choose_options'}}</a>\n                {{/if}}\n                {{#if pre_order}}\n                    <a href=\"{{pre_order_add_to_cart_url}}\" data-event-type=\"product-click\" class=\"button button--small card-figcaption-button ob-btn ob-btn-light-green ob-btn-inline\">{{lang 'products.pre_order'}}</a>\n                {{/if}}\n                {{#if add_to_cart_url }}\n                    <a href=\"{{add_to_cart_url}}\" data-event-type=\"product-click\" data-button-type=\"add-cart\" class=\"button button--small card-figcaption-button ob-btn ob-btn-light-green ob-btn-inline\">{{lang 'products.add_to_cart'}}</a>\n                    <span class=\"product-status-message aria-description--hidden\">{{lang 'category.add_cart_announcement'}}</span>\n                {{/if}}\n                {{#if out_of_stock_message }}\n                    <a href=\"{{url}}\" data-event-type=\"product-click\" class=\"button button--small card-figcaption-button ob-btn ob-btn-light-green ob-btn-inline\" data-product-id=\"{{id}}\">{{out_of_stock_message}}</a>\n                {{/if}}\n            {{/if}}\n        {{/or}}\n        {{#and rating show_rating}}\n            <p class=\"card-text\" data-test-info-type=\"productRating\">\n                <span class=\"rating--small\">\n                    {{> components/products/ratings rating=rating}}\n                </span>\n            </p>\n        {{/and}}\n        {{#if brand.name}}\n            <p class=\"card-text\" data-test-info-type=\"brandName\">{{brand.name}}</p>\n        {{/if}}\n        <h3 class=\"card-title\">\n            <a aria-label=\"{{name}},{{> components/products/product-aria-label}}\"\n               href=\"{{url}}\" \n               {{#if settings.data_tag_enabled}} data-event-type=\"product-click\" {{/if}}>{{name}}</a>\n        </h3>\n\n        <div class=\"card-text\" data-test-info-type=\"price\">\n            {{#or customer (if theme_settings.restrict_to_login '!==' true)}}\n               {{#if customer.customer_group_name '===' \"Fit Club\"}}\n               <p class=\"reg-price\">{{customer.customer_group_name}} Discount Applied!</p>\n               <p class=\"fit-price\">${{toFixed (multiply price.without_tax.value 1.0) 2}} - You Save ${{toFixed (multiply price.without_tax.value 0.25) 2}}! </p>\n               {{else if customer.customer_group_name '===' \"BFF 50%\"}}\n               <p class=\"reg-price\">{{customer.customer_group_name}} Discount Applied!</p>\n               <p class=\"fit-price\">${{toFixed (multiply price.without_tax.value 1.0) 2}} - You Save ${{toFixed (multiply price.without_tax.value 1.0) 2}}! </p>\n               {{else if customer.customer_group_name '===' \"BFF 35%\"}}\n               <p class=\"reg-price\">{{customer.customer_group_name}} Discount Applied!</p>\n               <p class=\"fit-price\">${{toFixed (multiply price.without_tax.value 1.0) 2}} - You Save ${{toFixed (multiply price.without_tax.value 0.538462) 2}}! </p>\n               {{else if customer.customer_group_name '===' \"C&L 50%\"}}\n               <p class=\"reg-price\">{{customer.customer_group_name}} Discount Applied!</p>\n               <p class=\"fit-price\">${{toFixed (multiply price.without_tax.value 1.0) 2}} - You Save ${{toFixed (multiply price.without_tax.value 1.0) 2}}! </p>\n               {{else}}\n               <p class=\"reg-price\">Regular Price - ${{toFixed (multiply price.without_tax.value 1.0) 2}} </p>\n               <p class=\"fit-price\">Fit Club Price - ${{toFixed (multiply price.without_tax.value 0.8) 2}} </p>\n               {{/if}}\n            {{else}}\n                {{> components/common/login-for-pricing}}\n            {{/or}}\n        </div>\n        {{> components/products/bulk-discount-rates}}\n    </div>\n</article>\n",
  "components/common/polyfill-script": "<script>\n    {{!--\n        Check for modern browser features, and load polyfills if browser does not appear to support features\n        we need.\n\n            Polyfill approach is all or nothing - please import needed polyfills in /assets/js/polyfills.js\n\n        Inspired by https://philipwalton.com/articles/loading-polyfills-only-when-needed/\n            --}}\n    function browserSupportsAllFeatures() {\n        return window.Promise\n            && window.fetch\n            && window.URL\n            && window.URLSearchParams\n            && window.WeakMap\n            // object-fit support\n            && ('objectFit' in document.documentElement.style);\n    }\n\n    function loadScript(src) {\n        var js = document.createElement('script');\n        js.src = src;\n        js.onerror = function () {\n            console.error('Failed to load polyfill script ' + src);\n        };\n        document.head.appendChild(js);\n    }\n\n    if (!browserSupportsAllFeatures()) {\n        loadScript('{{cdn 'assets/dist/theme-bundle.polyfills.js'}}');\n    }\n</script>\n",
  "components/common/paginator": "<nav class=\"pagination\" aria-label=\"pagination\">\n    <ul class=\"pagination-list\">\n        {{#if previous}}\n            <li class=\"pagination-item pagination-item--previous\">\n                <a class=\"pagination-link\"\n                   href=\"{{previous}}\"\n                   {{#unless reload}}data-faceted-search-facet{{/unless}}\n                   aria-label=\"{{lang 'common.previous'}}\"\n                >\n                    <i class=\"icon\" aria-hidden=\"true\">\n                        <svg>\n                            <use xmlns:xlink=\"http://www.w3.org/1999/xlink\" xlink:href=\"#icon-chevron-left\"></use>\n                        </svg>\n                    </i>\n                    {{lang 'common.previous'}}\n                </a>\n            </li>\n        {{/if}}\n        {{#each links}}\n            <li class=\"pagination-item {{#if this.number '==' ../current}}pagination-item--current{{/if}}\">\n                <a class=\"pagination-link\"\n                   href=\"{{this.url}}\"\n                   {{#unless reload}}data-faceted-search-facet{{/unless}}\n                   {{#if this.number '==' ../current}}\n                   aria-current=\"page\"\n                   data-pagination-current-page-link\n                   {{/if}}\n                   aria-label=\"{{lang 'common.paginator.page_of' current=this.number total=../links.length}}\"\n                >\n                    {{this.number}}\n                </a>\n            </li>\n        {{/each}}\n\n        {{#if next}}\n            <li class=\"pagination-item pagination-item--next\">\n                <a class=\"pagination-link\"\n                   href=\"{{next}}\"\n                   {{#unless reload}}data-faceted-search-facet{{/unless}}\n                   aria-label=\"{{lang 'common.next'}}\"\n                >\n                    {{lang 'common.next'}}\n                    <i class=\"icon\" aria-hidden=\"true\">\n                        <svg>\n                            <use xmlns:xlink=\"http://www.w3.org/1999/xlink\" xlink:href=\"#icon-chevron-right\"></use>\n                        </svg>\n                    </i>\n                </a>\n            </li>\n        {{/if}}\n    </ul>\n</nav>\n",
  "components/common/alert/alert-error": "<div class=\"alertBox alertBox--error\">\n    <div class=\"alertBox-column alertBox-icon\">\n        <icon glyph=\"ic-error\" class=\"icon\" aria-hidden=\"true\"><svg xmlns=\"http://www.w3.org/2000/svg\" width=\"24\" height=\"24\" viewBox=\"0 0 24 24\"><path d=\"M12 2C6.48 2 2 6.48 2 12s4.48 10 10 10 10-4.48 10-10S17.52 2 12 2zm1 15h-2v-2h2v2zm0-4h-2V7h2v6z\"></path></svg></icon>\n    </div>\n    <p class=\"alertBox-column alertBox-message\">\n        <span id=\"alertBox-message-text\">{{{this}}}</span>\n    </p>\n</div>\n",
  "components/common/alert/alert-success": "<div class=\"alertBox alertBox--success\">\n    <div class=\"alertBox-column alertBox-icon\">\n        <icon glyph=\"ic-success\" class=\"icon\" aria-hidden=\"true\"><svg xmlns=\"http://www.w3.org/2000/svg\" width=\"24\" height=\"24\" viewBox=\"0 0 24 24\"><path d=\"M12 2C6.48 2 2 6.48 2 12s4.48 10 10 10 10-4.48 10-10S17.52 2 12 2zm1 15h-2v-2h2v2zm0-4h-2V7h2v6z\"></path></svg></icon>\n    </div>\n    <p class=\"alertBox-column alertBox-message\">\n        <span id=\"alertBox-message-text\">{{{this}}}</span>\n    </p>\n</div>\n",
  "components/common/responsive-img": "{{!--\nThis file implements the lazysizes srcset pattern (as seen on\nhttps://github.com/aFarkas/lazysizes#modern-transparent-srcset-pattern) for maximum performance on modern browsers\nand reasonable compatibility with legacy browsers.\n\nThere are a few important arguments to know about when using this component:\n`lazyload`:\n    - If set to 'lazyload+lqip', will load a low-res image which will be replaced by lazysizes - ensuring that SOME\n    content is shown immediately on page load. Without LQIP, a transparent gif will be used instead, which reduces\n    the number of requests needed to load the page, making it even faster.\n    - If set to 'lazyload', the browser will not load the full-size image at first, instead the lazysizes plugin will\n        load it progressively after page load. This improves the load speed of the page, but it should be disabled for\n        high-priority above-the-fold images.\n    - If set to 'disabled', will not attempt to lazyload the image and instead tell the browser to load it immediately.\n        Use this for high-priority images that are above the fold.\n\n`fallback_size`:\n    This is the size to use for this image in legacy browsers that do not support srcset.\n    Can be defined as a pixel bounding-box size (e.g. \"123x123) or inherent width (e.g. \"123w\").\n\n`class`:\n    The CSS classes to add to the image, e.g. \"card-image\". If lazyloading is enabled, all images will have the\n    \"lazyload\" class so that lazysizes will target them automatically.\n\n`otherAttributes`:\n    Any other HTML attributes you want on the img tag, for example \"height='100' width='100'\"\n\n`default_image`:\n    The default image to use if `image` is undefined or falsy. Should be a theme asset, usually defined as a relative\n    path in the theme config. If a default image is not provided, you'll get an image tag with no image if the primary\n    image is undefined.\n\n`lqip_size`:\n    If you want to specify a particular size for the LQIP image, you can do so with this argument. A default of 80\n    pixels wide will be used otherwise. This argument has no effect if the lazyload mode is not \"lazyload+lqip\".\n\n--}}\n<img {{#if image}}{{!-- Get the default image for legacy browsers that do not support srcset\n--}}src=\"{{getImageSrcset image 1x=(default fallback_size '160w')}}\" alt=\"{{image.alt}}\" title=\"{{image.alt}}\" {{!--\n  Allow lazysizes to generate the 'sizes' attribute automatically --}}data-sizes=\"auto\"\n  {{#unless lazyload '==' 'disabled'}}\n    {{#if lazyload '==' 'lazyload+lqip'}}\n    {{!-- If we want a LQIP, include it as the default srcset (will be overwritten by lazysizes) --}}\n    srcset=\"{{getImageSrcset image 1x=(default lqip_size '80w')}}\"\n    {{else}}\n      {{!-- If we don't want a LQIP, use a 1px transparent gif for the stand-in image\n            This requires no additional network request, so it's fast --}}\n    srcset=\"data:image/gif;base64,R0lGODlhAQABAIAAAP///wAAACH5BAEAAAAALAAAAAABAAEAAAICRAEAOw==\"\n    {{/if}}\n{{/unless}}\n{{!-- If lazyloading is disabled, just use \"srcset\". If it is not disabled, use \"data-srcset\" so lazysizes will use\n      this after page load --}}\n{{!--\nGenerate the srcset string using the default sizes defined in the helper. This will allow the browser to\npick the best-sized image based on its own understanding of how it will render the page.\n--}}\n{{#unless lazyload '==' 'disabled'}}data-{{/unless}}srcset=\"{{getImageSrcset image use_default_sizes=true }}\"\n{{else if default_image}}src=\"{{cdn default_image}}\"{{/if}}\nclass=\"{{#unless lazyload '==' 'disabled'}}lazyload{{/unless}}{{#if class}} {{class}}{{/if}}\"\n{{#if lazyload '==' 'lazyload'}}loading=\"lazy\"{{/if}}\n{{otherAttributes}} />\n",
  "components/products/modals/writeReview": "<div id=\"modal-review-form\" class=\"modal\" data-reveal>\n    {{inject 'reviewRating' (lang 'forms.validate.reviews.rating')}}\n    {{inject 'reviewSubject' (lang 'forms.validate.reviews.title')}}\n    {{inject 'reviewComment' (lang 'forms.validate.reviews.comment')}}\n    {{inject 'reviewEmail' (lang 'forms.validate.common.email_address')}}\n    <div class=\"modal-header\">\n        <h2 class=\"modal-header-title\">{{lang 'products.reviews.write_a_review'}}</h2>\n        {{> components/common/modal/modal-close-btn}}\n    </div>\n    <div class=\"modal-body\">\n        <div class=\"writeReview-productDetails\">\n            <div class=\"writeReview-productImage-container\">\n                {{> components/common/responsive-img\n                    image=product.main_image\n                    fallback_size=theme_settings.product_size\n                    lazyload=theme_settings.lazyload_mode\n                    default_image=theme_settings.default_image_product\n                }}\n            </div>\n            <h6 class=\"product-brand\">{{ product.brand.name }}</h6>\n            <h5 class=\"product-title\">{{ product.title }}</h5>\n        </div>\n        <form class=\"form writeReview-form\" action=\"{{ urls.product.post_review }}\" method=\"post\">\n            <fieldset class=\"form-fieldset\">\n                <div class=\"form-field\">\n                    <label class=\"form-label\" for=\"rating-rate\">{{lang 'products.reviews.rating_label'}}\n                        <small>{{lang 'common.required' }}</small>\n                    </label>\n                    <!-- Stars -->\n                    <!-- TODO: Review Stars need to be componentised, both for display and input -->\n                    <select id=\"rating-rate\" class=\"form-select\" name=\"revrating\" data-input aria-required=\"true\">\n                        <option value=\"\">{{lang 'products.reviews.select_rating'}}</option>\n                        {{#for 1 5}}\n                            {{#if ../product.reviews.selected_rating '===' $index}}\n                                <option selected value=\"{{$index}}\">{{lang (concat 'products.reviews.rating.' $index) }}</option>\n                            {{else}}\n                                <option value=\"{{$index}}\">{{lang (concat 'products.reviews.rating.' $index) }}</option>\n                            {{/if}}\n                        {{/for}}\n                    </select>\n                </div>\n\n                <!-- Name -->\n                {{#if product.reviews.author}}\n                    {{> components/common/forms/text id=\"revfromname\" name=\"revfromname\" required=\"true\" label=(lang 'products.reviews.form_write.name') value=product.reviews.author}}\n                {{else}}\n                    {{> components/common/forms/text id=\"revfromname\" name=\"revfromname\" required=\"true\" label=(lang 'products.reviews.form_write.name') value=customer.name}}\n                {{/if}}\n\n                {{#if product.reviews.show_review_email}}\n                    <!-- Email -->\n                    {{#if product.reviews.email}}\n                        {{> components/common/forms/text id=\"email\" name=\"email\" required=\"true\" label=(lang 'products.reviews.form_write.email') value=product.reviews.email}}\n                    {{else}}\n                        {{> components/common/forms/text id=\"email\" name=\"email\" required=\"true\" label=(lang 'products.reviews.form_write.email') value=customer.email}}\n                    {{/if}}\n                {{/if}}\n\n                <!-- Review Subject -->\n                {{> components/common/forms/text id=\"revtitle\" name=\"revtitle\" required=\"true\" label=(lang 'products.reviews.form_write.subject') value=product.reviews.title}}\n\n                <!-- Comments -->\n                {{> components/common/forms/multiline id=\"revtext\" name=\"revtext\" required=\"true\" label=(lang 'products.reviews.form_write.comments') value=product.reviews.text}}\n\n                {{{product.reviews.recaptcha.markup}}}\n\n                <div class=\"form-field\">\n                    <input type=\"submit\" class=\"button button--primary\"\n                           value=\"{{lang 'products.reviews.form_write.submit_value' }}\">\n                </div>\n                <input type=\"hidden\" name=\"product_id\" value=\"{{ product.id }}\">\n                <input type=\"hidden\" name=\"action\" value=\"post_review\">\n                {{#if product.reviews.throttleToken}}<input type=\"hidden\" name=\"throttleToken\" value=\"{{product.reviews.throttleToken}}\">{{/if}}\n            </fieldset>\n        </form>\n    </div>\n</div>\n",
  "components/products/add-to-cart": "<div id=\"add-to-cart-wrapper\" {{#unless product.can_purchase}}style=\"display: none\"{{/unless}}>\n    {{#if theme_settings.show_product_quantity_box}}\n        <div class=\"form-field form-field--increments\">\n            <label class=\"form-label form-label--alternate\"\n                   for=\"qty[]\">{{lang 'products.quantity'}}</label>\n                <div class=\"form-increment\" data-quantity-change>\n                    <button class=\"button button--icon\" data-action=\"dec\">\n                        <span class=\"is-srOnly\">{{lang 'products.quantity_decrease'}}</span>\n                        <i class=\"icon\" aria-hidden=\"true\">\n                            <svg>\n                                <use xlink:href=\"#icon-keyboard-arrow-down\"/>\n                            </svg>\n                        </i>\n                    </button>\n                    <input class=\"form-input form-input--incrementTotal\"\n                           id=\"qty[]\"\n                           name=\"qty[]\"\n                           type=\"tel\"\n                           value=\"{{#if product.min_purchase_quantity}}{{product.min_purchase_quantity}}{{else}}1{{/if}}\"\n                           data-quantity-min=\"{{product.min_purchase_quantity}}\"\n                           data-quantity-max=\"{{product.max_purchase_quantity}}\"\n                           min=\"1\"\n                           pattern=\"[0-9]*\"\n                           aria-live=\"polite\">\n                    <button class=\"button button--icon\" data-action=\"inc\">\n                        <span class=\"is-srOnly\">{{lang 'products.quantity_increase'}}</span>\n                        <i class=\"icon\" aria-hidden=\"true\">\n                            <svg>\n                                <use xlink:href=\"#icon-keyboard-arrow-up\"/>\n                            </svg>\n                        </i>\n                    </button>\n                </div>\n        </div>\n    {{/if}}\n\n    <div class=\"alertBox productAttributes-message\" style=\"display:none\">\n        <div class=\"alertBox-column alertBox-icon\">\n            <icon glyph=\"ic-success\" class=\"icon\" aria-hidden=\"true\"><svg xmlns=\"http://www.w3.org/2000/svg\" width=\"24\" height=\"24\" viewBox=\"0 0 24 24\"><path d=\"M12 2C6.48 2 2 6.48 2 12s4.48 10 10 10 10-4.48 10-10S17.52 2 12 2zm1 15h-2v-2h2v2zm0-4h-2V7h2v6z\"></path></svg></icon>\n        </div>\n        <p class=\"alertBox-column alertBox-message\"></p>\n    </div>\n    {{#or customer (if theme_settings.restrict_to_login '!==' true)}}\n        <div class=\"form-action\">\n            <input\n                    id=\"form-action-addToCart\"\n                    data-wait-message=\"{{lang 'products.adding_to_cart'}}\"\n                    class=\"button button--primary ob-btn ob-btn-blue\"\n                    type=\"submit\"\n                    value=\"{{#if product.pre_order}}{{lang 'products.pre_order'}}{{else}}{{lang 'products.add_to_cart'}}{{/if}}\"\n            >\n            <span class=\"product-status-message aria-description--hidden\">{{lang 'products.adding_to_cart'}} {{lang 'category.add_cart_announcement'}}</span>\n        </div>\n    {{/or}}\n</div>\n",
  "components/products/options/date": "<div class=\"form-field\" data-product-attribute=\"date\">\n    <label class=\"form-label form-label--alternate form-label--inlineSmall\" {{#if style}}style=\"{{style}}\" {{/if}}>\n        {{this.display_name}}:\n\n        {{> components/common/requireness-msg}}\n    </label>\n    <select class=\"form-select form-select--date\" name=\"attribute[{{this.id}}][month]\" {{#if required}}required{{/if}}>\n        <option value=\"\">{{lang 'common.month'}}</option>\n        {{#for 1 12}}\n            <option value=\"{{$index}}\" {{#if ../selected_date.month '==' $index}}selected=\"selected\"{{/if}}>\n                {{lang (concat 'common.short_months.' $index)}}\n            </option>\n        {{/for}}\n    </select>\n    <select class=\"form-select form-select--date\" name=\"attribute[{{this.id}}][day]\" {{#if required}}required{{/if}}>\n        <option value=\"\">{{lang 'common.day'}}</option>\n        {{#for 1 31}}\n            <option value=\"{{$index}}\" {{#if ../selected_date.day '==' $index}}selected=\"selected\"{{/if}}>\n                {{$index}}\n            </option>\n        {{/for}}\n    </select>\n    <select class=\"form-select form-select--date\" name=\"attribute[{{this.id}}][year]\" {{#if required}}required{{/if}}>\n        <option value=\"\">{{lang 'common.year'}}</option>\n        {{#for earliest_year latest_year}}\n            <option value=\"{{$index}}\" {{#if ../selected_date.year '==' $index}}selected=\"selected\"{{/if}}>\n                {{$index}}\n            </option>\n        {{/for}}\n        {{#if earliest_year '==' latest_year}}\n        <option value=\"{{earliest_year}}\" selected=\"selected\">{{earliest_year}}</option>\n        {{/if}}\n    </select>\n</div>\n",
  "components/common/modal/modal-close-btn": "<button class=\"modal-close\"\n        type=\"button\"\n        title=\"{{lang 'common.close'}}\"\n        {{additional_attr}}\n>\n    <span class=\"aria-description--hidden\">{{lang 'common.close'}}</span>\n    <span aria-hidden=\"true\">&#215;</span>\n</button>\n",
  "components/products/options/input-checkbox": "<div class=\"form-field\" data-product-attribute=\"input-checkbox\">\n    <label class=\"form-label form-label--alternate form-label--inlineSmall\">\n        {{display_name}}:\n\n        {{> components/common/requireness-msg}}\n    </label>\n    <input type=\"hidden\" name=\"attribute[{{id}}]\" value=\"{{noValue}}\" />\n    <div class=\"form-option-wrapper\">\n        <input\n            class=\"form-checkbox\"\n            type=\"checkbox\"\n            name=\"attribute[{{id}}]\"\n            id=\"attribute-check-{{id}}\"\n            value=\"{{value}}\"\n            {{#if checked}}\n                checked\n                data-default\n            {{/if}}\n            {{#if required}}required{{/if}}>\n\n        <label class=\"form-label {{class}}\" for=\"attribute-check-{{id}}\">{{label}}</label>\n    </div>\n</div>\n",
  "components/products/options/input-file": "<div class=\"form-field\" data-product-attribute=\"input-file\">\n    <label class=\"form-label form-label--alternate form-label--inlineSmall\" for=\"attribute_file_{{id}}\">\n        {{ this.display_name }}:\n\n        {{> components/common/requireness-msg}}\n    </label>\n\n    <input class=\"form-file\" type=\"file\" id=\"attribute_file_{{id}}\" name=\"attribute[{{this.id}}]\" {{#if required}}required{{/if}}>\n    {{#if original_name}}\n        {{{lang 'products.file_option_set' url=file_url name=original_name}}}\n        <label>{{lang 'cart.remove_file'}}<input type=\"checkbox\" name=\"{{file_remove}}\"></label>\n    {{/if}}\n    <p class=\"form-fileDescription\">\n        {{#if file_size}}\n            {{lang 'products.max_filesize'}}\n            <strong>{{file_size}}{{lang 'products.kilobytes_abbreviation'}}</strong>,\n        {{/if}}\n        {{#if file_types}}\n            {{lang 'products.filetypes'}} <strong>{{file_types}}</strong>\n        {{/if}}\n    </p>\n\n</div>\n",
  "components/products/options/input-text": "<div class=\"form-field\" data-product-attribute=\"input-text\">\n    <label class=\"form-label form-label--alternate form-label--inlineSmall\" for=\"attribute_text_{{id}}\">\n        {{ this.display_name }}:\n\n        {{> components/common/requireness-msg}}\n    </label>\n\n    <input class=\"form-input form-input--small\" type=\"text\" id=\"attribute_text_{{id}}\" name=\"attribute[{{this.id}}]\" value=\"{{this.prefill}}\" {{#if required}}required{{/if}} {{#if max_length}}maxlength=\"{{max_length}}\"{{/if}}>\n</div>\n",
  "components/products/options/input-numbers": "<div class=\"form-field\" data-product-attribute=\"input-number\">\n    <label class=\"form-label form-label--alternate form-label--inlineSmall\" for=\"attribute_number_{{id}}\">\n        {{ this.display_name }}:\n\n        {{> components/common/requireness-msg}}\n    </label>\n\n    <input class=\"form-input\" type=\"number\" id=\"attribute_number_{{id}}\" {{#unless this.integer_only}}step=\"any\"{{/unless}} name=\"attribute[{{this.id}}]\" value=\"{{this.prefill}}\" {{#if required}}required{{/if}}>\n</div>\n",
  "components/products/options/product-list": "<div class=\"form-field\" data-product-attribute=\"product-list\" role=\"radiogroup\" aria-labelledby=\"product-list-label\">\n    <label class=\"form-label form-label--alternate form-label--inlineSmall\" id=\"product-list-label\">\n        {{display_name}}:\n        <span data-option-value></span>\n\n        {{> components/common/requireness-msg}}\n    </label>\n\n    {{#if values.0.image}}\n        <ul class=\"productOptions-list\">\n            {{#unless required}}\n                <li class=\"productOptions-list-item\">\n                    <input class=\"form-radio\"\n                           type=\"radio\"\n                           name=\"attribute[{{id}}]\"\n                           value=\"\"\n                           id=\"attribute_productlist_{{id}}_none\"\n                           checked=\"{{#if defaultValue '==' ''}}checked{{/if}}\">\n                    <label class=\"form-label\" for=\"attribute_productlist_{{id}}_none\">{{lang 'products.none'}}</label>\n                </li>\n            {{/unless}}\n            {{#each values}}\n                <li class=\"productOptions-list-item\" data-product-attribute-value=\"{{id}}\">\n                    {{#if image}}\n                        <figure class=\"productOptions-list-item-figure\">\n                            {{> components/common/responsive-img\n                                image=image\n                                class=\"productOptions-list-item-image\"\n                                lazyload='lazyload+lqip'\n                            }}\n                        </figure>\n                    {{/if}}\n                    <div class=\"productOptions-list-item-content\">\n                        <input\n                            class=\"form-radio\"\n                            type=\"radio\"\n                            name=\"attribute[{{../id}}]\"\n                            value=\"{{id}}\"\n                            id=\"attribute_productlist_{{../id}}_{{id}}\"\n                            {{#if selected}}\n                                checked\n                                data-default\n                            {{/if}}\n                            {{#if ../required}}required{{/if}}>\n                        <label data-product-attribute-value=\"{{id}}\" class=\"form-label\" for=\"attribute_productlist_{{../id}}_{{id}}\">{{label}}</label>\n                    </div>\n                </li>\n            {{/each}}\n        </ul>\n    {{else}}\n        {{#unless required}}\n        <input class=\"form-radio\"\n               type=\"radio\"\n               name=\"attribute[{{id}}]\"\n               value=\"0\"\n               id=\"attribute_productlist_0_{{id}}\"\n               {{#if defaultValue '==' 0}}checked{{/if}}>\n        <label class=\"form-label\" for=\"attribute_productlist_0_{{id}}\">{{lang 'products.none'}}</label>\n        {{/unless}}\n        {{#each values}}\n            <input\n                class=\"form-radio\"\n                type=\"radio\"\n                name=\"attribute[{{../id}}]\"\n                value=\"{{id}}\"\n                id=\"attribute_productlist_{{../id}}_{{id}}\"\n                {{#if selected}}checked{{/if}}\n                {{#if ../required}}required{{/if}}>\n            <label data-product-attribute-value=\"{{id}}\" class=\"form-label\" for=\"attribute_productlist_{{../id}}_{{id}}\">{{label}}</label>\n        {{/each}}\n    {{/if}}\n</div>\n",
  "components/products/options/set-radio": "<div class=\"form-field\" data-product-attribute=\"set-radio\" role=\"radiogroup\" aria-labelledby=\"radio-group-label\">\n    <label class=\"form-label form-label--alternate form-label--inlineSmall\" id=\"radio-group-label\">\n        {{ this.display_name }}:\n\n        {{> components/common/requireness-msg}}\n    </label>\n\n    {{#unless required}}\n        <input\n            class=\"form-radio\"\n            type=\"radio\"\n            id=\"attribute_radio_{{../id}}_none\"\n            name=\"attribute[{{../id}}]\"\n            value=\"\"\n            checked=\"{{#if defaultValue '==' ''}}checked{{/if}}\"\n        >\n        <label class=\"form-label\" for=\"attribute_radio_{{../id}}_none\">{{lang 'products.none'}}</label>\n    {{/unless}}\n\n    {{#each this.values}}\n        <input\n            class=\"form-radio\"\n            type=\"radio\"\n            id=\"attribute_radio_{{../id}}_{{id}}\"\n            name=\"attribute[{{../id}}]\"\n            value=\"{{id}}\"\n            {{#if selected}}\n                checked\n                data-default\n            {{/if}}\n            {{#if ../required}}required{{/if}}>\n        <label data-product-attribute-value=\"{{id}}\" class=\"form-label\" for=\"attribute_radio_{{../id}}_{{id}}\">{{this.label}}</label>\n    {{/each}}\n</div>\n",
  "components/products/options/set-rectangle": "<div class=\"form-field\" data-product-attribute=\"set-rectangle\" role=\"radiogroup\" aria-labelledby=\"rectangle-group-label\">\n    <label class=\"form-label form-label--alternate form-label--inlineSmall\" id=\"rectangle-group-label\">\n        {{this.display_name}}:\n        <span data-option-value></span>\n\n        {{> components/common/requireness-msg}}\n    </label>\n\n    {{#unless required}}\n        <input\n            class=\"form-radio\"\n            type=\"radio\"\n            id=\"attribute_rectangle__{{../id}}_none\"\n            name=\"attribute[{{../id}}]\"\n            value=\"\"\n            checked=\"{{#if defaultValue '==' ''}}checked{{/if}}\"\n        >\n        <label class=\"form-option\" for=\"attribute_rectangle__{{../id}}_none\">\n            <span class=\"form-option-variant\">{{lang 'products.none'}}</span>\n        </label>\n    {{/unless}}\n\n    {{#each this.values}}\n    <div class=\"form-option-wrapper\">    \n        <input\n            class=\"form-radio\"\n            type=\"radio\"\n            id=\"attribute_rectangle__{{../id}}_{{id}}\"\n            name=\"attribute[{{../id}}]\"\n            value=\"{{id}}\"\n            {{#if selected}}\n                checked\n                data-default\n            {{/if}}\n            {{#if ../required}}required{{/if}}\n        >\n        <label class=\"form-option\" for=\"attribute_rectangle__{{../id}}_{{id}}\" data-product-attribute-value=\"{{id}}\">\n            <span class=\"form-option-variant\">{{this.label}}</span>\n        </label>\n    </div>\n    {{/each}}\n</div>\n",
  "components/products/options/swatch": "<div class=\"form-field\" data-product-attribute=\"swatch\" role=\"radiogroup\" aria-labelledby=\"swatchGroup\">\n    <label class=\"form-label form-label--alternate form-label--inlineSmall\" id=\"swatchGroup\">\n        {{this.display_name}}:\n        <span data-option-value></span>\n\n        {{> components/common/requireness-msg}}\n    </label>\n\n    {{#unless required}}\n        <input\n            class=\"form-radio\"\n            type=\"radio\"\n            name=\"attribute[{{../id}}]\"\n            value=\"\"\n            id=\"attribute_swatch_{{../id}}_none\"\n            checked=\"{{#if defaultValue '==' ''}}checked{{/if}}\"\n            aria-label=\"{{lang 'products.none'}}\"\n        >\n        <label class=\"form-option form-option-swatch\" for=\"attribute_swatch_{{../id}}_none\">\n            <span class='form-option-variant form-option-variant--none' title=\"{{lang 'products.none'}}\">{{lang 'products.none'}}</span>\n        </label>\n    {{/unless}}\n\n    {{#each this.values}}\n    <div class=\"form-option-wrapper\">\n        <input class=\"form-radio\"\n               type=\"radio\"\n               name=\"attribute[{{../id}}]\"\n               value=\"{{id}}\"\n               id=\"attribute_swatch_{{../id}}_{{id}}\"\n               {{#if selected}}checked data-default{{/if}}\n               {{#if ../required}}required{{/if}}\n               aria-label=\"{{this.label}}\"\n        >\n        <label class=\"form-option form-option-swatch\" for=\"attribute_swatch_{{../id}}_{{id}}\" data-product-attribute-value=\"{{id}}\">\n            {{#if image}}\n                <span class='form-option-variant form-option-variant--pattern' title=\"{{this.label}}\" style=\"background-image: url('{{getImage image \"swatch_option_size\"}}');\"></span>\n            {{/if}}\n            {{#if data.[2]}}\n                <span class='form-option-variant form-option-variant--color' title=\"{{this.label}}\" style=\"background-color: #{{data.[0]}}\"></span>\n                <span class='form-option-variant form-option-variant--color' title=\"{{this.label}}\" style=\"background-color: #{{data.[1]}}\"></span>\n                <span class='form-option-variant form-option-variant--color' title=\"{{this.label}}\" style=\"background-color: #{{data.[2]}}\"></span>\n            {{else}}\n                {{#if data.[1]}}\n                    <span class='form-option-variant form-option-variant--color' title=\"{{this.label}}\" style=\"background-color: #{{data.[0]}}\"></span>\n                    <span class='form-option-variant form-option-variant--color' title=\"{{this.label}}\" style=\"background-color: #{{data.[1]}}\"></span>\n                {{else}}\n                    {{#if data.[0]}}\n                        <span class='form-option-variant form-option-variant--color' title=\"{{this.label}}\" style=\"background-color: #{{data.[0]}}\"></span>\n                    {{/if}}\n                {{/if}}\n            {{/if}}\n            {{#if pattern}}\n                <span class=\"form-option-expanded\">\n                    <span class=\"form-option-image\" style=\"background-image: url('{{getImage image 'core-swatch'}}');\"></span>\n                </span>\n            {{/if}}\n        </label>\n    </div>\n    {{/each}}\n</div>\n",
  "components/products/options/set-select": "<div class=\"form-field\" data-product-attribute=\"set-select\">\n    <label class=\"form-label form-label--alternate form-label--inlineSmall\" for=\"attribute_select_{{id}}\">\n        {{ this.display_name }}:\n\n        {{> components/common/requireness-msg}}\n    </label>\n\n    <select class=\"form-select form-select--small\" name=\"attribute[{{this.id}}]\" id=\"attribute_select_{{id}}\" {{#if required}}required{{/if}}>\n        <option value=\"\">{{lang 'products.choose_options'}}</option>\n        {{#each this.values}}\n            <option data-product-attribute-value=\"{{id}}\" value=\"{{id}}\" {{#if selected}}selected data-default{{/if}}>{{label}}</option>\n        {{/each}}\n    </select>\n</div>\n",
  "components/products/options/textarea": "<div class=\"form-field\" data-product-attribute=\"textarea\">\n    <label class=\"form-label form-label--alternate form-label--inlineSmall\" for=\"attribute_textarea_{{id}}\">\n        {{display_name}}:\n\n        {{> components/common/requireness-msg}}\n    </label>\n\n    <textarea class=\"form-input\" id=\"attribute_textarea_{{id}}\" name=\"attribute[{{id}}]\" {{#if required}}required{{/if}} {{#if max_length}}maxlength={{max_length}}{{/if}}>{{prefill}}</textarea>\n</div>\n",
  "components/ob-custom/ob-navigation-menu": "<nav class=\"navPages\">\n    <div class=\"navPages-quickSearch ob-mobile\">\n      {{> components/common/quick-search name='nav-menu-quick-search'}}\n    </div>\n\n    <ul class=\"navPages-list{{#if theme_settings.navigation_design '!==' 'simple'}} navPages-list-depth-max{{/if}}\">\n        <li class=\"navPages-item navPages-item-page\">\n            <a class=\"navPages-action\"\n               href=\"/quickstart\"\n               aria-label=\"Shop\">\n                Shop\n            </a>\n        </li>\n        <li class=\"navPages-item navPages-item-page\">\n            <a class=\"navPages-action{{#if 'Why MFF?' '==' ../page.title}} activePage{{/if}}\"\n               href=\"/why-mff\"\n               aria-label=\"Why MFF?\">\n                Why MFF?\n            </a>\n        </li>\n        <li class=\"navPages-item navPages-item-page\">\n            <a class=\"navPages-action{{#if 'Fit Club' '==' ../page.title}} activePage{{/if}}\"\n               href=\"/fit-club\"\n               aria-label=\"Fit Club\">\n                Fit Club\n            </a>\n        </li>\n        <li class=\"navPages-item navPages-item-page\">\n            <a class=\"navPages-action{{#if '21 Days' '==' ../page.title}} activePage{{/if}}\"\n               href=\"/21-day-challenge\"\n               aria-label=\"21 Days\">\n                21 Days\n            </a>\n        </li>\n        <li class=\"navPages-item navPages-item-page\">\n            <a class=\"navPages-action{{#if 'Locations' '==' ../page.title}} activePage{{/if}}\"\n               href=\"/locations\"\n               aria-label=\"Locations\">\n                Locations\n            </a>\n        </li>\n        <li class=\"navPages-item navPages-item-page\">\n            <a class=\"navPages-action{{#if 'Blog' '==' ../page.title}} activePage{{/if}}\"\n               href=\"/blog\"\n               aria-label=\"Blog\">\n                Blog\n            </a>\n        </li>\n        <li class=\"navPages-item navPages-item-page navPages-item-icon\">\n            {{#if customer}}\n                <a class=\"navPages-action\"\n                   href=\"{{urls.account.index}}\"\n                   aria-label=\"{{lang 'common.account'}}\"\n                >\n                 <svg><use xlink:href=\"#icon-account\" /></svg>\n                </a>\n            {{else}}\n                <a class=\"navPages-action\"\n                   href=\"{{urls.auth.login}}\"\n                   aria-label=\"{{lang 'common.login'}}\"\n                >\n                <svg class=\"ob-desktop\"><use xlink:href=\"#icon-account\" /></svg>\n                <span class=\"ob-mobile\">Account</span>\n                </a>\n            {{/if}}\n        </li>\n        <li class=\"navPages-item navPages-item-page navPages-item-icon\">\n            <a class=\"navPages-action\"\n               href=\"{{urls.cart}}\"\n               aria-label=\"{{lang 'cart.nav_aria_label'}}\"\n            >\n                <span class=\"navUser-item--sub navUser-item-cartLabel ob-desktop\">          \n                  <svg><use xlink:href=\"#icon-ob-basket\" /></svg>              \n                </span>\n                <span class=\"navUser-item--sub full-cart-qty ob-desktop\">(<span class=\"countPill cart-quantity\"></span>)</span>\n                <span class=\"ob-mobile\">\n                  View Cart\n                  <span class=\"navUser-item--sub full-cart-qty\">(<span class=\"countPill cart-quantity\"></span>)</span>\n                </span>\n            </a>\n        </li>\n        <li class=\"navPages-item navPages-item-page navPages-item-search navPages-item-icon\">\n          <a class=\"navPages-action ob-search-toggle\">\n            <svg>\n              <use xmlns:xlink=\"http://www.w3.org/1999/xlink\" xlink:href=\"#icon-ob-search\"></use>\n            </svg>\n          </a>\n        </li>\n    </ul>\n</nav>\n",
  "components/common/quick-search": "<div class=\"container\">\n    <form class=\"form\" onsubmit=\"return false\" data-url=\"{{urls.search}}\" data-quick-search-form>\n        <fieldset class=\"form-fieldset\">\n            <div class=\"form-field\">\n                <label class=\"is-srOnly\" for=\"{{name}}\">{{lang \"search.quick_search.input_label\"}}</label>\n                <input class=\"form-input\"\n                       data-search-quick\n                       name=\"{{name}}\"\n                       id=\"{{name}}\"\n                       data-error-message=\"{{lang 'search.error.empty_field'}}\"\n                       placeholder=\"{{lang 'search.quick_search.input_placeholder'}}\"\n                       autocomplete=\"off\"\n                >\n            </div>\n        </fieldset>\n    </form>\n    <span class=\"exit\">x</span>\n    <section class=\"quickSearchResults\" data-bind=\"html: results\"></section>\n    <p role=\"status\"\n       aria-live=\"polite\"\n       class=\"aria-description--hidden\"\n       data-search-aria-message-predefined-text=\"{{{lang 'search.results.quick_count_live'}}}\"\n    ></p>\n</div>\n",
  "components/common/modal/modal": "<div id=\"modal\" class=\"modal\" data-reveal data-prevent-quick-search-close>\n    {{> components/common/modal/modal-close-btn}}\n    <div class=\"modal-content\"></div>\n    <div class=\"loadingOverlay\"></div>\n</div>\n",
  "components/common/alert/alert-modal": "<div id=\"alert-modal\" class=\"modal modal--alert modal--small\" data-reveal data-prevent-quick-search-close>\n    <div class=\"swal2-icon swal2-error swal2-icon-show\"><span class=\"swal2-x-mark\"><span class=\"swal2-x-mark-line-left\"></span><span class=\"swal2-x-mark-line-right\"></span></span></div>\n\n    <div class=\"modal-content\"></div>\n\n    <div class=\"button-container\"><button type=\"button\" class=\"confirm button\" data-reveal-close>OK</button></div>\n</div>\n",
  "components/products/product-aria-label": "{{#and price.price_range (if theme_settings.price_ranges '==' true)}}\n{{#and price.price_range.min.with_tax price.price_range.max.with_tax}}\n{{lang 'category.shop_by_price_range_aria' from=price.price_range.min.with_tax.formatted to=price.price_range.max.with_tax.formatted}}\n{{else}}\n{{lang 'category.shop_by_price_range_aria' from=price.price_range.min.without_tax.formatted to=price.price_range.max.without_tax.formatted}}\n{{/and}}\n{{else}}\n{{#if price.with_tax}}\n{{#if price.non_sale_price_with_tax}}\n{{theme_settings.pdp-non-sale-price-label}}{{price.non_sale_price_with_tax.formatted}},\n{{theme_settings.pdp-sale-price-label}}{{price.with_tax.formatted}}\n{{else}}\n{{price.with_tax.formatted}}                        \n{{/if}}\n{{else}}\n{{#if price.non_sale_price_without_tax}}\n{{theme_settings.pdp-non-sale-price-label}}{{price.non_sale_price_without_tax.formatted}},\n{{theme_settings.pdp-sale-price-label}}{{price.without_tax.formatted}}\n{{else}}\n{{price.without_tax.formatted}}\n{{/if}}\n{{/if}}\n{{/and}}\n",
  "components/products/bulk-discount-rates": "{{#if bulk_discount_rates.length}}\n    {{#if product}}<dt class=\"productView-info-name\">{{lang 'products.bulk_pricing.title'}}</dt>{{/if}}\n    <dd class=\"productView-info-value\">\n        <a href=\"{{product.url}}#bulk_pricing\"\n           {{#unless is_ajax }}data-reveal-id=\"modal-bulk-pricing\"{{/unless}}>\n            {{lang 'products.bulk_pricing.view'}}\n        </a>\n    </dd>\n    <div id=\"modal-bulk-pricing\" class=\"modal modal--small\" data-reveal>\n        <div class=\"modal-header\">\n            <h2 class=\"modal-header-title\">{{lang 'products.bulk_pricing.modal_title'}}</h2>\n            {{> components/common/modal/modal-close-btn}}\n        </div>\n        <div class=\"modal-body\">\n            <p>{{lang 'products.bulk_pricing.instructions'}}</p>\n            <ul>\n                {{#each bulk_discount_rates}}\n                <li>\n                    {{lang 'products.bulk_pricing.range' min=min max=max}}\n                    {{#if type '===' 'percent'}}\n                    {{lang 'products.bulk_pricing.percent' discount=discount.formatted}}\n                    {{else if type '===' 'fixed'}}\n                    {{lang 'products.bulk_pricing.fixed' discount=discount.formatted}}\n                    {{else if type '===' 'price'}}\n                    {{lang 'products.bulk_pricing.price' discount=discount.formatted}}\n                    {{/if}}\n                </li>\n                {{/each}}\n            </ul>\n        </div>\n    </div>\n{{/if}}\n",
  "components/common/login-for-pricing": "<p translate>Log in for pricing</p>\n",
  "components/common/forms/text": "<div class=\"form-field\" id=\"{{id}}\" data-validation=\"{{validation}}\" {{#if private_id}}data-type=\"{{private_id}}\"{{/if}}>\n    <label class=\"form-label\" for=\"{{id}}_input\">{{label}}\n        {{#if required}}<small>{{lang 'common.required' }}</small>{{/if}}\n    </label>\n    <input type=\"text\"\n           name=\"{{name}}\"\n           id=\"{{id}}_input\"\n           class=\"form-input\"\n           data-label=\"{{label}}\"\n           data-input\n           aria-required=\"{{required}}\"\n           {{#if value}} value=\"{{value}}\"{{/if}}\n           {{#if maxlength}}maxlength=\"{{maxlength}}\"{{/if}}\n           {{#if placeholder}} placeholder=\"{{placeholder}}\"{{/if}}\n           {{#if private_id}}data-field-type=\"{{private_id}}\"{{/if}}\n    >\n</div>\n",
  "components/common/forms/multiline": "<div class=\"form-field\" id=\"{{id}}\" data-validation=\"{{validation}}\">\n    <label class=\"form-label\" for=\"{{id}}_input\">{{label}}\n        {{#if required}}\n            <small>{{lang 'common.required' }}</small>\n        {{/if}}\n    </label>\n    <textarea name=\"{{name}}\"\n              id=\"{{id}}_input\"\n              data-label=\"{{label}}\"\n              rows=\"{{rows}}\"\n              aria-required=\"{{required}}\"\n              data-input\n              class=\"form-input\"\n              {{#if private_id}}data-field-type=\"{{private_id}}\"{{/if}}\n    >\n        {{value}}\n    </textarea>\n</div>\n",
  "components/common/requireness-msg": "<small>\n    {{#if required}}{{lang 'common.required'}}{{else}}{{lang 'common.optional'}}{{/if}}\n</small>\n"
}