{
  "components/products/quick-view": "<div class=\"modal-body quickView\">\n    {{> components/ob-custom/products/ob-product-view schema=false}}\n</div>\n",
  "components/ob-custom/products/ob-product-view": "<div class=\"productView\" {{#if settings.data_tag_enabled}} data-event-type=\"product\" data-entity-id=\"{{product.id}}\" data-name=\"{{product.title}}\" data-product-category=\"{{#each product.category}}{{#if @last}}{{this}}{{else}}{{this}}, {{/if}}{{/each}}\" data-product-brand=\"{{product.brand.name}}\" data-product-price=\"{{#if product.price.with_tax}}{{product.price.with_tax.value}}{{else}}{{product.price.without_tax.value}}{{/if}}\" data-product-variant=\"single-product-option\"{{/if}}>\n{{#each product.reviews.messages}}\n        {{#if error}}\n            {{> components/common/alert/alert-error error}}\n        {{/if}}\n        {{#if success}}\n            {{> components/common/alert/alert-success success}}\n        {{/if}}\n    {{/each}}\n\n    <section class=\"productView-images\" data-image-gallery>\n        {{!--\n            Note that these image sizes are coupled to image sizes used in /assets/js/theme/common/product-details.js\n            for variant/rule image replacement\n        --}}\n        <figure class=\"productView-image\"\n                data-image-gallery-main\n                {{#if product.main_image}}\n                data-zoom-image=\"{{getImageSrcset product.main_image (cdn theme_settings.default_image_product) 1x=theme_settings.zoom_size }}\"\n                {{/if}}\n                >\n            <div class=\"productView-img-container\">\n                {{!-- Remove the surrounding a-element if there is no main image. --}}\n                {{#if product.main_image}}\n                    <a href=\"{{getImageSrcset product.main_image (cdn theme_settings.default_image_product) 1x=theme_settings.zoom_size}}\"\n                        target=\"_blank\"{{#if schema}} itemprop=\"image\"{{/if}}>\n                {{/if}}\n                {{> components/common/responsive-img\n                    image=product.main_image\n                    class=\"productView-image--default\"\n                    fallback_size=theme_settings.product_size\n                    lazyload=theme_settings.lazyload_mode\n                    default_image=theme_settings.default_image_product\n                    otherAttributes=\"data-main-image\"\n                }}\n                {{!-- Remove the surrounding a-element if there is no main image. --}}\n                {{#if product.main_image}}\n                    </a>\n                {{/if}}\n            </div>\n        </figure>\n        <ul class=\"productView-thumbnails\"{{#gt product.images.length 5}} data-slick='{\n                \"infinite\": false,\n                \"mobileFirst\": true,\n                \"dots\": false,\n                \"accessibility\": false,\n                \"slidesToShow\": 5,\n                \"slidesToScroll\": 5\n            }'\n            data-arrow-label=\"{{lang 'carousel.arrowAriaLabel'}} {{product.images.length}}\"\n            {{/gt}}>\n            {{#each product.images}}\n                <li class=\"productView-thumbnail\">\n                    <a\n                        class=\"productView-thumbnail-link\"\n                        href=\"{{getImageSrcset this (cdn ../theme_settings.default_image_product) 1x=../theme_settings.zoom_size}}\"\n                        data-image-gallery-item\n                        data-image-gallery-new-image-url=\"{{getImageSrcset this (cdn ../theme_settings.default_image_product) 1x=../theme_settings.product_size}}\"\n                        data-image-gallery-new-image-srcset=\"{{getImageSrcset this use_default_sizes=true}}\"\n                        data-image-gallery-zoom-image-url=\"{{getImageSrcset this (cdn ../theme_settings.default_image_product) 1x=../theme_settings.zoom_size}}\"\n                    >\n                    {{> components/common/responsive-img\n                        image=this\n                        fallback_size=../theme_settings.productview_thumb_size\n                        lazyload=../theme_settings.lazyload_mode\n                    }}\n                    </a>\n                </li>\n            {{/each}}\n        </ul>\n    </section>\n\n    <section class=\"productView-details product-data\">\n        <div class=\"productView-product\">\n            <h1 class=\"productView-title\" {{#if schema}}itemprop=\"name\"{{/if}}>{{product.title}}</h1>\n\n            <article class=\"productView-description\"{{#if schema}} itemprop=\"description\"{{/if}}>\n                {{{product.description}}}\n            </article>\n\n            {{#if customer.customer_group_name '===' \"Fit Club\"}}\n            <div class=\"charlesprice\" style=\"padding-top:10px;\">\n                <table style=\"width:100%;\">\n                      <tr>\n                          <th>{{customer.customer_group_name}} Discount Applied!</th>\n                          <th>You Save</th>\n                      </tr>\n                      <tr>\n                        <th><p>${{toFixed (multiply product.price.without_tax.value 1.0) 2}}</p></th>\n                        <th><p class=\"highlighted-price\">${{toFixed (multiply product.price.without_tax.value 0.25) 2}}</p></th>\n                      </tr>\n                </table>\n            </div>\n            {{else if customer.customer_group_name '===' \"BFF 50%\"}}\n            <div class=\"charlesprice\" style=\"padding-top:10px;\">\n                <table style=\"width:100%;\">\n                      <tr>\n                          <th>{{customer.customer_group_name}} Discount Applied!</th>\n                          <th>You Save</th>\n                      </tr>\n                      <tr>\n                        <th><p>${{toFixed (multiply product.price.without_tax.value 1.0) 2}}</p></th>\n                        <th><p class=\"highlighted-price\">${{toFixed (multiply product.price.without_tax.value 1.0) 2}}</p></th>\n                      </tr>\n                </table>\n            </div>\n            {{else if customer.customer_group_name '===' \"C&L 50%\"}}\n            <div class=\"charlesprice\" style=\"padding-top:10px;\">\n                <table style=\"width:100%;\">\n                      <tr>\n                          <th>{{customer.customer_group_name}} Discount Applied!</th>\n                          <th>You Save</th>\n                      </tr>\n                      <tr>\n                        <th><p>${{toFixed (multiply product.price.without_tax.value 1.0) 2}}</p></th>\n                        <th><p class=\"highlighted-price\">${{toFixed (multiply product.price.without_tax.value 1.0) 2}}</p></th>\n                      </tr>\n                </table>\n            </div>\n            {{else if customer.customer_group_name '===' \"BFF 35%\"}}\n            <div class=\"charlesprice\" style=\"padding-top:10px;\">\n                <table style=\"width:100%;\">\n                      <tr>\n                          <th>{{customer.customer_group_name}} Discount Applied!</th>\n                          <th>You Save</th>\n                      </tr>\n                      <tr>\n                        <th><p>${{toFixed (multiply product.price.without_tax.value 1.0) 2}}</p></th>\n                        <th><p class=\"highlighted-price\">${{toFixed (multiply product.price.without_tax.value 0.538462) 2}}</p></th>\n                      </tr>\n                </table>\n            </div>\n            {{else}}\n            <div class=\"charlesprice\" style=\"padding-top:10px;\">\n                <table style=\"width:100%;\">\n                      <tr>\n                          <th>Normal Price</th>\n                          <th>Fit Club Price</th>\n                      </tr>\n                      <tr>\n                        <th><p>${{toFixed (multiply product.price.without_tax.value 1.0) 2}}</p></th>\n                        <th><p class=\"highlighted-price\">${{toFixed (multiply product.price.without_tax.value 0.8) 2}}</p></th>\n                      </tr>\n                </table>\n            </div>\n            {{/if}}\n\n            {{{region name=\"product_below_price\"}}}\n            <div class=\"productView-rating\"{{#if product.num_reviews '>' 0}}{{#if schema}} itemprop=\"aggregateRating\" itemscope itemtype=\"http://schema.org/AggregateRating\"{{/if}}{{/if}}>\n                {{#if settings.show_product_rating}}\n                    {{#if product.num_reviews '>' 0}}\n                        {{#if schema}}\n                            <meta itemprop=\"ratingValue\" content=\"{{product.rating}}\">\n                            <meta itemprop=\"ratingCount\" content=\"{{product.num_reviews}}\">\n                            <meta itemprop=\"reviewCount\" content=\"{{product.num_reviews}}\">\n                        {{/if}}\n                    {{/if}}\n                        {{> components/products/ratings rating=product.rating}}\n                    {{#if product.num_reviews '>' 0}}\n                        <a href=\"{{product.url}}#product-reviews\" id=\"productReview_link\">\n                            {{lang 'products.reviews.link_to_review' total=product.num_reviews}}\n                        </a>\n                    {{else}}\n                        <span>{{lang 'products.reviews.link_to_review' total=product.num_reviews}}</span>\n                    {{/if}}\n                {{/if}}\n                {{#if settings.show_product_reviews}}\n                    <a href=\"{{product.url}}{{#if is_ajax}}#write_review{{/if}}\"\n                       class=\"productView-reviewLink productView-reviewLink--new\"\n                       {{#unless is_ajax}}data-reveal-id=\"modal-review-form\"{{/unless}}\n                       role=\"button\"\n                    >\n                       {{lang 'products.reviews.new'}}\n                    </a>\n                    {{> components/products/modals/writeReview}}\n                {{/if}}\n            </div>\n            {{product.detail_messages}}\n        </div>\n    </section>\n\n    <section class=\"productView-details product-options\">\n        <div class=\"productView-options\">\n            {{#if product.release_date }}\n                <p>{{product.release_date}}</p>\n            {{/if}}\n            <form class=\"form\" method=\"post\" action=\"{{product.cart_url}}\" enctype=\"multipart/form-data\"\n                  data-cart-item-add>\n                <input type=\"hidden\" name=\"action\" value=\"add\">\n                <input type=\"hidden\" name=\"product_id\" value=\"{{product.id}}\"/>\n                <div data-product-option-change style=\"display:none;\">\n                    {{#each product.options}}\n                        {{{dynamicComponent 'components/products/options'}}}\n                    {{/each}}\n                </div>\n                <div class=\"form-field form-field--stock{{#unless product.stock_level}} u-hiddenVisually{{/unless}}\">\n                    <label class=\"form-label form-label--alternate\">\n                        {{lang 'products.current_stock'}}\n                        <span data-product-stock>{{product.stock_level}}</span>\n                    </label>\n                </div>\n                {{> components/products/add-to-cart}}\n                {{#if product.out_of_stock}}\n                    {{#if product.out_of_stock_message}}\n                        {{> components/common/alert/alert-error product.out_of_stock_message}}\n                    {{else}}\n                        {{> components/common/alert/alert-error (lang 'products.sold_out')}}\n                    {{/if}}\n                {{/if}}\n            </form>\n        </div>\n    </section>\n</div>\n\n<div class=\"row products-facts\">\n    <div class=\"col-md-6 col-sm-6 nutrition-label\">\n        <section class=\"performance-facts\" style=\"padding-bottom:20px;\">\n            <header class=\"performance-facts__header\">\n                <h1 class=\"performance-facts__title\">Nutrition Facts</h1>\n                <p>{{#filter product.custom_fields 'Servings' property='name' }} {{value}} {{/filter}} Serving Per Container</p>\n                <p>Serving Size {{#filter product.custom_fields 'Serving Size' property='name' }} {{value}} {{/filter}} Serving, {{#filter product.custom_fields 'Serving Size Oz' property='name' }} {{value}} {{/filter}}oz ({{#filter product.custom_fields 'Serving Size Grams' property='name' }} {{value}} {{/filter}}g)\n            </header>\n            \n            <table class=\"performance-facts__table\">\n                <thead>\n                    <tr>\n                        <th colspan=\"3\" class=\"small-info\">Amount Per Serving</th>\n                    </tr>\n                </thead>\n                <tbody>\n                    <tr>\n                        <th colspan=\"2\">\n                            <b>Calories</b>\n                            {{#filter product.custom_fields 'Calories' property='name' }} {{value}} {{/filter}}\n                        </th>\n                        <td></td>\n                    </tr>\n                    <tr class=\"thick-row\">\n                        <td colspan=\"3\" class=\"small-info\"><b>% Daily Value*</b></td>\n                    </tr>\n                    <tr>\n                        <th colspan=\"2\">\n                            <b>Total Fat</b>\n                            {{#filter product.custom_fields 'Total Fat' property='name' }} {{value}} {{/filter}}g\n                        </th>\n                        <td>\n                            <b>{{#filter product.custom_fields 'Percent Total Fat' property='name' }} {{value}} {{/filter}}%</b>\n                        </td>\n                    </tr>\n                    <tr>\n                        <td class=\"blank-cell\"></td>\n                        <th>\n                            Saturated Fat\n                            {{#filter product.custom_fields 'Saturated Fat' property='name' }} {{value}} {{/filter}}g\n                        </th>\n                        <td>\n                            <b>{{#filter product.custom_fields 'Percent Saturated Fat' property='name' }} {{value}} {{/filter}}%</b>\n                        </td>\n                    </tr>\n                    <tr>\n                        <td class=\"blank-cell\"></td>\n                        <th>Trans Fat 0g</th>\n                        <td></td>\n                    </tr>\n                    <tr>\n                        <th colspan=\"2\">\n                            <b>Sodium</b>\n                            {{#filter product.custom_fields 'Sodium' property='name' }} {{value}} {{/filter}}mg\n                        </th>\n                        <td>\n                            <b>{{#filter product.custom_fields 'Percent Sodium' property='name' }} {{value}} {{/filter}}%</b>\n                        </td>\n                    </tr>\n                    <tr>\n                        <th colspan=\"2\">\n                            <b>Total Carbohydrate</b>\n                            {{#filter product.custom_fields 'Total Carbohydrates' property='name' }} {{value}} {{/filter}}g\n                        </th>\n                        <td>\n                            <b>{{#filter product.custom_fields 'Percent Carbohydrate' property='name' }} {{value}} {{/filter}}%</b>\n                        </td>\n                    </tr>\n                    <tr>\n                        <td class=\"blank-cell\"></td>\n                        <th>\n                            Dietary Fiber\n                            {{#filter product.custom_fields 'Dietary Fiber' property='name' }} {{value}} {{/filter}}g\n                        </th>\n                        <td>\n                            <b>{{#filter product.custom_fields 'Percent Dietary Fiber' property='name' }} {{value}} {{/filter}}%</b>\n                        </td>\n                    </tr>\n                    <tr>\n                        <td class=\"blank-cell\"></td>\n                        <th>\n                            Total Sugars\n                            {{#filter product.custom_fields 'Total Sugars' property='name' }} {{value}} {{/filter}}g\n                        </th>\n                        <td></td>\n                    </tr>\n                    <tr>\n                        <td class=\"blank-cell\"></td>\n                        <th>\n                            Includes\n                            {{#filter product.custom_fields 'Added Sugar' property='name' }} {{value}} {{/filter}}g added sugars\n                        </th>\n                        <td>\n                            <b>{{#filter product.custom_fields 'Percent Added Sugars' property='name' }} {{value}} {{/filter}}%</b>\n                        </td>\n                    </tr>\n                    <tr class=\"thick-end\">\n                        <th colspan=\"2\">\n                            <b>Protein</b>\n                            {{#filter product.custom_fields 'Protein' property='name' }} {{value}} {{/filter}}g\n                        </th>\n                        <td></td>\n                    </tr>\n                </tbody>\n            </table>\n            <p><b>Allergens:</b>{{#filter product.custom_fields 'Allergens' property='name' }} {{value}} {{/filter}}</p>\n        </section>\n    </div>\n    <div class=\"col-md-6 col-sm-6 ingredient-icons\">\n        <h3 class=\"productView-desc-heading\">Ingredients</h3>    \n        <table style=\"width: 100%; border-collapse: collapse; text-align: center;\" border=\"0\">\n            <tbody>\n                <tr>\n                    <td style=\"width: 33.3333%;\"><img src=\"../product_images/uploaded_images/icons/{{#filter product.custom_fields 'Ingredient 1 Icon' property='name'}}{{value}}{{/filter}}.png\" alt=\"{{#filter product.custom_fields 'Ingredient 1 Name' property='name'}}{{value}}{{/filter}}\" width=\"100\" height=\"100\" /></td>\n                    <td style=\"width: 33.3333%;\"><img src=\"../product_images/uploaded_images/icons/{{#filter product.custom_fields 'Ingredient 2 Icon' property='name'}}{{value}}{{/filter}}.png\" alt=\"{{#filter product.custom_fields 'Ingredient 2 Name' property='name'}}{{value}}{{/filter}}\" width=\"100\" height=\"100\" /></td>\n                    <td style=\"width: 33.3333%;\"><img src=\"../product_images/uploaded_images/icons/{{#filter product.custom_fields 'Ingredient 3 Icon' property='name'}}{{value}}{{/filter}}.png\" alt=\"{{#filter product.custom_fields 'Ingredient 3 Name' property='name'}}{{value}}{{/filter}}\" width=\"100\" height=\"100\" /></td>\n                </tr>\n                <tr>\n                    <td style=\"width: 33.3333%;\">&nbsp;</td>\n                    <td style=\"width: 33.3333%;\">&nbsp;</td>\n                    <td style=\"width: 33.3333%;\">&nbsp;</td>\n                </tr>\n                <tr>\n                    <td style=\"width: 33.3333%;\"><strong>{{#filter product.custom_fields 'Ingredient 1 Name' property='name'}}{{value}}{{/filter}}<br /></strong></td>\n                    <td style=\"width: 33.3333%;\"><strong>{{#filter product.custom_fields 'Ingredient 2 Name' property='name'}}{{value}}{{/filter}}</strong></td>\n                    <td style=\"width: 33.3333%;\"><strong>{{#filter product.custom_fields 'Ingredient 3 Name' property='name'}}{{value}}{{/filter}}</strong></td>\n                </tr>\n                <tr>\n                    <td style=\"width: 33.3333%;\">&nbsp;</td>\n                    <td style=\"width: 33.3333%;\">&nbsp;</td>\n                    <td style=\"width: 33.3333%;\">&nbsp;</td>\n                </tr>\n                <tr>\n                    <td style=\"width: 33.3333%;\"><img src=\"../product_images/uploaded_images/icons/{{#filter product.custom_fields 'Ingredient 4 Icon' property='name'}}{{value}}{{/filter}}.png\" alt=\"{{#filter product.custom_fields 'Ingredient 4 Name' property='name' }}{{value}}{{/filter}}\" width=\"100\" height=\"100\" /></td>\n                    <td style=\"width: 33.3333%;\"><img src=\"../product_images/uploaded_images/icons/{{#filter product.custom_fields 'Ingredient 5 Icon' property='name'}}{{value}}{{/filter}}.png\" alt=\"{{#filter product.custom_fields 'Ingredient 5 Name' property='name' }}{{value}}{{/filter}}\" width=\"100\" height=\"100\" /></td>\n                    <td style=\"width: 33.3333%;\"><img src=\"../product_images/uploaded_images/icons/{{#filter product.custom_fields 'Ingredient 6 Icon' property='name'}}{{value}}{{/filter}}.png\" alt=\"{{#filter product.custom_fields 'Ingredient 6 Name' property='name' }}{{value}}{{/filter}}\" width=\"100\" height=\"100\" /></td>\n                </tr>\n                <tr>\n                    <td style=\"width: 33.3333%;\">&nbsp;</td>\n                    <td style=\"width: 33.3333%;\">&nbsp;</td>\n                    <td style=\"width: 33.3333%;\">&nbsp;</td>\n                </tr>\n                <tr>\n                    <td style=\"width: 33.3333%;\"><strong>{{#filter product.custom_fields 'Ingredient 4 Name' property='name'}}{{value}}{{/filter}}</strong></td>\n                    <td style=\"width: 33.3333%;\"><strong>{{#filter product.custom_fields 'Ingredient 5 Name' property='name'}}{{value}}{{/filter}}</strong></td>\n                    <td class=\"ingredient-block\"><strong>{{#filter product.custom_fields 'Ingredient 6 Name' property='name'}}{{value}}{{/filter}}</strong></td>\n                </tr>\n                <tr>\n                    <td colspan=\"3\" style=\"padding-top: 25px;\" font-weight:bold;>{{product.warranty}}</td>\n                </tr>\n            </tbody>\n        </table>\n    </div>\n</div>\n\n<div id=\"previewModal\" class=\"modal modal--large\" data-reveal>\n    {{> components/common/modal/modal-close-btn }}\n    <div class=\"modal-content\"></div>\n    <div class=\"loadingOverlay\"></div>\n</div>\n",
  "components/common/alert/alert-error": "<div class=\"alertBox alertBox--error\">\n    <div class=\"alertBox-column alertBox-icon\">\n        <icon glyph=\"ic-error\" class=\"icon\" aria-hidden=\"true\"><svg xmlns=\"http://www.w3.org/2000/svg\" width=\"24\" height=\"24\" viewBox=\"0 0 24 24\"><path d=\"M12 2C6.48 2 2 6.48 2 12s4.48 10 10 10 10-4.48 10-10S17.52 2 12 2zm1 15h-2v-2h2v2zm0-4h-2V7h2v6z\"></path></svg></icon>\n    </div>\n    <p class=\"alertBox-column alertBox-message\">\n        <span id=\"alertBox-message-text\">{{{this}}}</span>\n    </p>\n</div>\n",
  "components/common/alert/alert-success": "<div class=\"alertBox alertBox--success\">\n    <div class=\"alertBox-column alertBox-icon\">\n        <icon glyph=\"ic-success\" class=\"icon\" aria-hidden=\"true\"><svg xmlns=\"http://www.w3.org/2000/svg\" width=\"24\" height=\"24\" viewBox=\"0 0 24 24\"><path d=\"M12 2C6.48 2 2 6.48 2 12s4.48 10 10 10 10-4.48 10-10S17.52 2 12 2zm1 15h-2v-2h2v2zm0-4h-2V7h2v6z\"></path></svg></icon>\n    </div>\n    <p class=\"alertBox-column alertBox-message\">\n        <span id=\"alertBox-message-text\">{{{this}}}</span>\n    </p>\n</div>\n",
  "components/products/ratings": "<span role=\"img\"\n      alt=\"{{lang 'products.reviews.rating_aria_label' current_rating=rating max_rating=5}}\"\n      title=\"{{lang 'products.reviews.rating_aria_label' current_rating=rating max_rating=5}}\"\n>\n    {{#for 1 5}}\n        {{#if ../this.rating '>=' $index}}\n            <span class=\"icon icon--ratingFull\">\n                <svg>\n                    <use xlink:href=\"#icon-star\" />\n                </svg>\n            </span>\n        {{else}}\n            <span class=\"icon icon--ratingEmpty\">\n                <svg>\n                    <use xlink:href=\"#icon-star\" />\n                </svg>\n            </span>\n        {{/if}}\n    {{/for}}\n</span>\n",
  "components/products/add-to-cart": "<div id=\"add-to-cart-wrapper\" {{#unless product.can_purchase}}style=\"display: none\"{{/unless}}>\n    {{#if theme_settings.show_product_quantity_box}}\n        <div class=\"form-field form-field--increments\">\n            <label class=\"form-label form-label--alternate\"\n                   for=\"qty[]\">{{lang 'products.quantity'}}</label>\n                <div class=\"form-increment\" data-quantity-change>\n                    <button class=\"button button--icon\" data-action=\"dec\">\n                        <span class=\"is-srOnly\">{{lang 'products.quantity_decrease'}}</span>\n                        <i class=\"icon\" aria-hidden=\"true\">\n                            <svg>\n                                <use xlink:href=\"#icon-keyboard-arrow-down\"/>\n                            </svg>\n                        </i>\n                    </button>\n                    <input class=\"form-input form-input--incrementTotal\"\n                           id=\"qty[]\"\n                           name=\"qty[]\"\n                           type=\"tel\"\n                           value=\"{{#if product.min_purchase_quantity}}{{product.min_purchase_quantity}}{{else}}1{{/if}}\"\n                           data-quantity-min=\"{{product.min_purchase_quantity}}\"\n                           data-quantity-max=\"{{product.max_purchase_quantity}}\"\n                           min=\"1\"\n                           pattern=\"[0-9]*\"\n                           aria-live=\"polite\">\n                    <button class=\"button button--icon\" data-action=\"inc\">\n                        <span class=\"is-srOnly\">{{lang 'products.quantity_increase'}}</span>\n                        <i class=\"icon\" aria-hidden=\"true\">\n                            <svg>\n                                <use xlink:href=\"#icon-keyboard-arrow-up\"/>\n                            </svg>\n                        </i>\n                    </button>\n                </div>\n        </div>\n    {{/if}}\n\n    <div class=\"alertBox productAttributes-message\" style=\"display:none\">\n        <div class=\"alertBox-column alertBox-icon\">\n            <icon glyph=\"ic-success\" class=\"icon\" aria-hidden=\"true\"><svg xmlns=\"http://www.w3.org/2000/svg\" width=\"24\" height=\"24\" viewBox=\"0 0 24 24\"><path d=\"M12 2C6.48 2 2 6.48 2 12s4.48 10 10 10 10-4.48 10-10S17.52 2 12 2zm1 15h-2v-2h2v2zm0-4h-2V7h2v6z\"></path></svg></icon>\n        </div>\n        <p class=\"alertBox-column alertBox-message\"></p>\n    </div>\n    {{#or customer (if theme_settings.restrict_to_login '!==' true)}}\n        <div class=\"form-action\">\n            <input\n                    id=\"form-action-addToCart\"\n                    data-wait-message=\"{{lang 'products.adding_to_cart'}}\"\n                    class=\"button button--primary ob-btn ob-btn-blue\"\n                    type=\"submit\"\n                    value=\"{{#if product.pre_order}}{{lang 'products.pre_order'}}{{else}}{{lang 'products.add_to_cart'}}{{/if}}\"\n            >\n            <span class=\"product-status-message aria-description--hidden\">{{lang 'products.adding_to_cart'}} {{lang 'category.add_cart_announcement'}}</span>\n        </div>\n    {{/or}}\n</div>\n",
  "components/common/responsive-img": "{{!--\nThis file implements the lazysizes srcset pattern (as seen on\nhttps://github.com/aFarkas/lazysizes#modern-transparent-srcset-pattern) for maximum performance on modern browsers\nand reasonable compatibility with legacy browsers.\n\nThere are a few important arguments to know about when using this component:\n`lazyload`:\n    - If set to 'lazyload+lqip', will load a low-res image which will be replaced by lazysizes - ensuring that SOME\n    content is shown immediately on page load. Without LQIP, a transparent gif will be used instead, which reduces\n    the number of requests needed to load the page, making it even faster.\n    - If set to 'lazyload', the browser will not load the full-size image at first, instead the lazysizes plugin will\n        load it progressively after page load. This improves the load speed of the page, but it should be disabled for\n        high-priority above-the-fold images.\n    - If set to 'disabled', will not attempt to lazyload the image and instead tell the browser to load it immediately.\n        Use this for high-priority images that are above the fold.\n\n`fallback_size`:\n    This is the size to use for this image in legacy browsers that do not support srcset.\n    Can be defined as a pixel bounding-box size (e.g. \"123x123) or inherent width (e.g. \"123w\").\n\n`class`:\n    The CSS classes to add to the image, e.g. \"card-image\". If lazyloading is enabled, all images will have the\n    \"lazyload\" class so that lazysizes will target them automatically.\n\n`otherAttributes`:\n    Any other HTML attributes you want on the img tag, for example \"height='100' width='100'\"\n\n`default_image`:\n    The default image to use if `image` is undefined or falsy. Should be a theme asset, usually defined as a relative\n    path in the theme config. If a default image is not provided, you'll get an image tag with no image if the primary\n    image is undefined.\n\n`lqip_size`:\n    If you want to specify a particular size for the LQIP image, you can do so with this argument. A default of 80\n    pixels wide will be used otherwise. This argument has no effect if the lazyload mode is not \"lazyload+lqip\".\n\n--}}\n<img {{#if image}}{{!-- Get the default image for legacy browsers that do not support srcset\n--}}src=\"{{getImageSrcset image 1x=(default fallback_size '160w')}}\" alt=\"{{image.alt}}\" title=\"{{image.alt}}\" {{!--\n  Allow lazysizes to generate the 'sizes' attribute automatically --}}data-sizes=\"auto\"\n  {{#unless lazyload '==' 'disabled'}}\n    {{#if lazyload '==' 'lazyload+lqip'}}\n    {{!-- If we want a LQIP, include it as the default srcset (will be overwritten by lazysizes) --}}\n    srcset=\"{{getImageSrcset image 1x=(default lqip_size '80w')}}\"\n    {{else}}\n      {{!-- If we don't want a LQIP, use a 1px transparent gif for the stand-in image\n            This requires no additional network request, so it's fast --}}\n    srcset=\"data:image/gif;base64,R0lGODlhAQABAIAAAP///wAAACH5BAEAAAAALAAAAAABAAEAAAICRAEAOw==\"\n    {{/if}}\n{{/unless}}\n{{!-- If lazyloading is disabled, just use \"srcset\". If it is not disabled, use \"data-srcset\" so lazysizes will use\n      this after page load --}}\n{{!--\nGenerate the srcset string using the default sizes defined in the helper. This will allow the browser to\npick the best-sized image based on its own understanding of how it will render the page.\n--}}\n{{#unless lazyload '==' 'disabled'}}data-{{/unless}}srcset=\"{{getImageSrcset image use_default_sizes=true }}\"\n{{else if default_image}}src=\"{{cdn default_image}}\"{{/if}}\nclass=\"{{#unless lazyload '==' 'disabled'}}lazyload{{/unless}}{{#if class}} {{class}}{{/if}}\"\n{{#if lazyload '==' 'lazyload'}}loading=\"lazy\"{{/if}}\n{{otherAttributes}} />\n",
  "components/products/modals/writeReview": "<div id=\"modal-review-form\" class=\"modal\" data-reveal>\n    {{inject 'reviewRating' (lang 'forms.validate.reviews.rating')}}\n    {{inject 'reviewSubject' (lang 'forms.validate.reviews.title')}}\n    {{inject 'reviewComment' (lang 'forms.validate.reviews.comment')}}\n    {{inject 'reviewEmail' (lang 'forms.validate.common.email_address')}}\n    <div class=\"modal-header\">\n        <h2 class=\"modal-header-title\">{{lang 'products.reviews.write_a_review'}}</h2>\n        {{> components/common/modal/modal-close-btn}}\n    </div>\n    <div class=\"modal-body\">\n        <div class=\"writeReview-productDetails\">\n            <div class=\"writeReview-productImage-container\">\n                {{> components/common/responsive-img\n                    image=product.main_image\n                    fallback_size=theme_settings.product_size\n                    lazyload=theme_settings.lazyload_mode\n                    default_image=theme_settings.default_image_product\n                }}\n            </div>\n            <h6 class=\"product-brand\">{{ product.brand.name }}</h6>\n            <h5 class=\"product-title\">{{ product.title }}</h5>\n        </div>\n        <form class=\"form writeReview-form\" action=\"{{ urls.product.post_review }}\" method=\"post\">\n            <fieldset class=\"form-fieldset\">\n                <div class=\"form-field\">\n                    <label class=\"form-label\" for=\"rating-rate\">{{lang 'products.reviews.rating_label'}}\n                        <small>{{lang 'common.required' }}</small>\n                    </label>\n                    <!-- Stars -->\n                    <!-- TODO: Review Stars need to be componentised, both for display and input -->\n                    <select id=\"rating-rate\" class=\"form-select\" name=\"revrating\" data-input aria-required=\"true\">\n                        <option value=\"\">{{lang 'products.reviews.select_rating'}}</option>\n                        {{#for 1 5}}\n                            {{#if ../product.reviews.selected_rating '===' $index}}\n                                <option selected value=\"{{$index}}\">{{lang (concat 'products.reviews.rating.' $index) }}</option>\n                            {{else}}\n                                <option value=\"{{$index}}\">{{lang (concat 'products.reviews.rating.' $index) }}</option>\n                            {{/if}}\n                        {{/for}}\n                    </select>\n                </div>\n\n                <!-- Name -->\n                {{#if product.reviews.author}}\n                    {{> components/common/forms/text id=\"revfromname\" name=\"revfromname\" required=\"true\" label=(lang 'products.reviews.form_write.name') value=product.reviews.author}}\n                {{else}}\n                    {{> components/common/forms/text id=\"revfromname\" name=\"revfromname\" required=\"true\" label=(lang 'products.reviews.form_write.name') value=customer.name}}\n                {{/if}}\n\n                {{#if product.reviews.show_review_email}}\n                    <!-- Email -->\n                    {{#if product.reviews.email}}\n                        {{> components/common/forms/text id=\"email\" name=\"email\" required=\"true\" label=(lang 'products.reviews.form_write.email') value=product.reviews.email}}\n                    {{else}}\n                        {{> components/common/forms/text id=\"email\" name=\"email\" required=\"true\" label=(lang 'products.reviews.form_write.email') value=customer.email}}\n                    {{/if}}\n                {{/if}}\n\n                <!-- Review Subject -->\n                {{> components/common/forms/text id=\"revtitle\" name=\"revtitle\" required=\"true\" label=(lang 'products.reviews.form_write.subject') value=product.reviews.title}}\n\n                <!-- Comments -->\n                {{> components/common/forms/multiline id=\"revtext\" name=\"revtext\" required=\"true\" label=(lang 'products.reviews.form_write.comments') value=product.reviews.text}}\n\n                {{{product.reviews.recaptcha.markup}}}\n\n                <div class=\"form-field\">\n                    <input type=\"submit\" class=\"button button--primary\"\n                           value=\"{{lang 'products.reviews.form_write.submit_value' }}\">\n                </div>\n                <input type=\"hidden\" name=\"product_id\" value=\"{{ product.id }}\">\n                <input type=\"hidden\" name=\"action\" value=\"post_review\">\n                {{#if product.reviews.throttleToken}}<input type=\"hidden\" name=\"throttleToken\" value=\"{{product.reviews.throttleToken}}\">{{/if}}\n            </fieldset>\n        </form>\n    </div>\n</div>\n",
  "components/common/modal/modal-close-btn": "<button class=\"modal-close\"\n        type=\"button\"\n        title=\"{{lang 'common.close'}}\"\n        {{additional_attr}}\n>\n    <span class=\"aria-description--hidden\">{{lang 'common.close'}}</span>\n    <span aria-hidden=\"true\">&#215;</span>\n</button>\n",
  "components/products/options/input-checkbox": "<div class=\"form-field\" data-product-attribute=\"input-checkbox\">\n    <label class=\"form-label form-label--alternate form-label--inlineSmall\">\n        {{display_name}}:\n\n        {{> components/common/requireness-msg}}\n    </label>\n    <input type=\"hidden\" name=\"attribute[{{id}}]\" value=\"{{noValue}}\" />\n    <div class=\"form-option-wrapper\">\n        <input\n            class=\"form-checkbox\"\n            type=\"checkbox\"\n            name=\"attribute[{{id}}]\"\n            id=\"attribute-check-{{id}}\"\n            value=\"{{value}}\"\n            {{#if checked}}\n                checked\n                data-default\n            {{/if}}\n            {{#if required}}required{{/if}}>\n\n        <label class=\"form-label {{class}}\" for=\"attribute-check-{{id}}\">{{label}}</label>\n    </div>\n</div>\n",
  "components/products/options/input-file": "<div class=\"form-field\" data-product-attribute=\"input-file\">\n    <label class=\"form-label form-label--alternate form-label--inlineSmall\" for=\"attribute_file_{{id}}\">\n        {{ this.display_name }}:\n\n        {{> components/common/requireness-msg}}\n    </label>\n\n    <input class=\"form-file\" type=\"file\" id=\"attribute_file_{{id}}\" name=\"attribute[{{this.id}}]\" {{#if required}}required{{/if}}>\n    {{#if original_name}}\n        {{{lang 'products.file_option_set' url=file_url name=original_name}}}\n        <label>{{lang 'cart.remove_file'}}<input type=\"checkbox\" name=\"{{file_remove}}\"></label>\n    {{/if}}\n    <p class=\"form-fileDescription\">\n        {{#if file_size}}\n            {{lang 'products.max_filesize'}}\n            <strong>{{file_size}}{{lang 'products.kilobytes_abbreviation'}}</strong>,\n        {{/if}}\n        {{#if file_types}}\n            {{lang 'products.filetypes'}} <strong>{{file_types}}</strong>\n        {{/if}}\n    </p>\n\n</div>\n",
  "components/products/options/input-numbers": "<div class=\"form-field\" data-product-attribute=\"input-number\">\n    <label class=\"form-label form-label--alternate form-label--inlineSmall\" for=\"attribute_number_{{id}}\">\n        {{ this.display_name }}:\n\n        {{> components/common/requireness-msg}}\n    </label>\n\n    <input class=\"form-input\" type=\"number\" id=\"attribute_number_{{id}}\" {{#unless this.integer_only}}step=\"any\"{{/unless}} name=\"attribute[{{this.id}}]\" value=\"{{this.prefill}}\" {{#if required}}required{{/if}}>\n</div>\n",
  "components/products/options/date": "<div class=\"form-field\" data-product-attribute=\"date\">\n    <label class=\"form-label form-label--alternate form-label--inlineSmall\" {{#if style}}style=\"{{style}}\" {{/if}}>\n        {{this.display_name}}:\n\n        {{> components/common/requireness-msg}}\n    </label>\n    <select class=\"form-select form-select--date\" name=\"attribute[{{this.id}}][month]\" {{#if required}}required{{/if}}>\n        <option value=\"\">{{lang 'common.month'}}</option>\n        {{#for 1 12}}\n            <option value=\"{{$index}}\" {{#if ../selected_date.month '==' $index}}selected=\"selected\"{{/if}}>\n                {{lang (concat 'common.short_months.' $index)}}\n            </option>\n        {{/for}}\n    </select>\n    <select class=\"form-select form-select--date\" name=\"attribute[{{this.id}}][day]\" {{#if required}}required{{/if}}>\n        <option value=\"\">{{lang 'common.day'}}</option>\n        {{#for 1 31}}\n            <option value=\"{{$index}}\" {{#if ../selected_date.day '==' $index}}selected=\"selected\"{{/if}}>\n                {{$index}}\n            </option>\n        {{/for}}\n    </select>\n    <select class=\"form-select form-select--date\" name=\"attribute[{{this.id}}][year]\" {{#if required}}required{{/if}}>\n        <option value=\"\">{{lang 'common.year'}}</option>\n        {{#for earliest_year latest_year}}\n            <option value=\"{{$index}}\" {{#if ../selected_date.year '==' $index}}selected=\"selected\"{{/if}}>\n                {{$index}}\n            </option>\n        {{/for}}\n        {{#if earliest_year '==' latest_year}}\n        <option value=\"{{earliest_year}}\" selected=\"selected\">{{earliest_year}}</option>\n        {{/if}}\n    </select>\n</div>\n",
  "components/products/options/product-list": "<div class=\"form-field\" data-product-attribute=\"product-list\" role=\"radiogroup\" aria-labelledby=\"product-list-label\">\n    <label class=\"form-label form-label--alternate form-label--inlineSmall\" id=\"product-list-label\">\n        {{display_name}}:\n        <span data-option-value></span>\n\n        {{> components/common/requireness-msg}}\n    </label>\n\n    {{#if values.0.image}}\n        <ul class=\"productOptions-list\">\n            {{#unless required}}\n                <li class=\"productOptions-list-item\">\n                    <input class=\"form-radio\"\n                           type=\"radio\"\n                           name=\"attribute[{{id}}]\"\n                           value=\"\"\n                           id=\"attribute_productlist_{{id}}_none\"\n                           checked=\"{{#if defaultValue '==' ''}}checked{{/if}}\">\n                    <label class=\"form-label\" for=\"attribute_productlist_{{id}}_none\">{{lang 'products.none'}}</label>\n                </li>\n            {{/unless}}\n            {{#each values}}\n                <li class=\"productOptions-list-item\" data-product-attribute-value=\"{{id}}\">\n                    {{#if image}}\n                        <figure class=\"productOptions-list-item-figure\">\n                            {{> components/common/responsive-img\n                                image=image\n                                class=\"productOptions-list-item-image\"\n                                lazyload='lazyload+lqip'\n                            }}\n                        </figure>\n                    {{/if}}\n                    <div class=\"productOptions-list-item-content\">\n                        <input\n                            class=\"form-radio\"\n                            type=\"radio\"\n                            name=\"attribute[{{../id}}]\"\n                            value=\"{{id}}\"\n                            id=\"attribute_productlist_{{../id}}_{{id}}\"\n                            {{#if selected}}\n                                checked\n                                data-default\n                            {{/if}}\n                            {{#if ../required}}required{{/if}}>\n                        <label data-product-attribute-value=\"{{id}}\" class=\"form-label\" for=\"attribute_productlist_{{../id}}_{{id}}\">{{label}}</label>\n                    </div>\n                </li>\n            {{/each}}\n        </ul>\n    {{else}}\n        {{#unless required}}\n        <input class=\"form-radio\"\n               type=\"radio\"\n               name=\"attribute[{{id}}]\"\n               value=\"0\"\n               id=\"attribute_productlist_0_{{id}}\"\n               {{#if defaultValue '==' 0}}checked{{/if}}>\n        <label class=\"form-label\" for=\"attribute_productlist_0_{{id}}\">{{lang 'products.none'}}</label>\n        {{/unless}}\n        {{#each values}}\n            <input\n                class=\"form-radio\"\n                type=\"radio\"\n                name=\"attribute[{{../id}}]\"\n                value=\"{{id}}\"\n                id=\"attribute_productlist_{{../id}}_{{id}}\"\n                {{#if selected}}checked{{/if}}\n                {{#if ../required}}required{{/if}}>\n            <label data-product-attribute-value=\"{{id}}\" class=\"form-label\" for=\"attribute_productlist_{{../id}}_{{id}}\">{{label}}</label>\n        {{/each}}\n    {{/if}}\n</div>\n",
  "components/products/options/set-radio": "<div class=\"form-field\" data-product-attribute=\"set-radio\" role=\"radiogroup\" aria-labelledby=\"radio-group-label\">\n    <label class=\"form-label form-label--alternate form-label--inlineSmall\" id=\"radio-group-label\">\n        {{ this.display_name }}:\n\n        {{> components/common/requireness-msg}}\n    </label>\n\n    {{#unless required}}\n        <input\n            class=\"form-radio\"\n            type=\"radio\"\n            id=\"attribute_radio_{{../id}}_none\"\n            name=\"attribute[{{../id}}]\"\n            value=\"\"\n            checked=\"{{#if defaultValue '==' ''}}checked{{/if}}\"\n        >\n        <label class=\"form-label\" for=\"attribute_radio_{{../id}}_none\">{{lang 'products.none'}}</label>\n    {{/unless}}\n\n    {{#each this.values}}\n        <input\n            class=\"form-radio\"\n            type=\"radio\"\n            id=\"attribute_radio_{{../id}}_{{id}}\"\n            name=\"attribute[{{../id}}]\"\n            value=\"{{id}}\"\n            {{#if selected}}\n                checked\n                data-default\n            {{/if}}\n            {{#if ../required}}required{{/if}}>\n        <label data-product-attribute-value=\"{{id}}\" class=\"form-label\" for=\"attribute_radio_{{../id}}_{{id}}\">{{this.label}}</label>\n    {{/each}}\n</div>\n",
  "components/products/options/set-rectangle": "<div class=\"form-field\" data-product-attribute=\"set-rectangle\" role=\"radiogroup\" aria-labelledby=\"rectangle-group-label\">\n    <label class=\"form-label form-label--alternate form-label--inlineSmall\" id=\"rectangle-group-label\">\n        {{this.display_name}}:\n        <span data-option-value></span>\n\n        {{> components/common/requireness-msg}}\n    </label>\n\n    {{#unless required}}\n        <input\n            class=\"form-radio\"\n            type=\"radio\"\n            id=\"attribute_rectangle__{{../id}}_none\"\n            name=\"attribute[{{../id}}]\"\n            value=\"\"\n            checked=\"{{#if defaultValue '==' ''}}checked{{/if}}\"\n        >\n        <label class=\"form-option\" for=\"attribute_rectangle__{{../id}}_none\">\n            <span class=\"form-option-variant\">{{lang 'products.none'}}</span>\n        </label>\n    {{/unless}}\n\n    {{#each this.values}}\n    <div class=\"form-option-wrapper\">    \n        <input\n            class=\"form-radio\"\n            type=\"radio\"\n            id=\"attribute_rectangle__{{../id}}_{{id}}\"\n            name=\"attribute[{{../id}}]\"\n            value=\"{{id}}\"\n            {{#if selected}}\n                checked\n                data-default\n            {{/if}}\n            {{#if ../required}}required{{/if}}\n        >\n        <label class=\"form-option\" for=\"attribute_rectangle__{{../id}}_{{id}}\" data-product-attribute-value=\"{{id}}\">\n            <span class=\"form-option-variant\">{{this.label}}</span>\n        </label>\n    </div>\n    {{/each}}\n</div>\n",
  "components/products/options/input-text": "<div class=\"form-field\" data-product-attribute=\"input-text\">\n    <label class=\"form-label form-label--alternate form-label--inlineSmall\" for=\"attribute_text_{{id}}\">\n        {{ this.display_name }}:\n\n        {{> components/common/requireness-msg}}\n    </label>\n\n    <input class=\"form-input form-input--small\" type=\"text\" id=\"attribute_text_{{id}}\" name=\"attribute[{{this.id}}]\" value=\"{{this.prefill}}\" {{#if required}}required{{/if}} {{#if max_length}}maxlength=\"{{max_length}}\"{{/if}}>\n</div>\n",
  "components/products/options/set-select": "<div class=\"form-field\" data-product-attribute=\"set-select\">\n    <label class=\"form-label form-label--alternate form-label--inlineSmall\" for=\"attribute_select_{{id}}\">\n        {{ this.display_name }}:\n\n        {{> components/common/requireness-msg}}\n    </label>\n\n    <select class=\"form-select form-select--small\" name=\"attribute[{{this.id}}]\" id=\"attribute_select_{{id}}\" {{#if required}}required{{/if}}>\n        <option value=\"\">{{lang 'products.choose_options'}}</option>\n        {{#each this.values}}\n            <option data-product-attribute-value=\"{{id}}\" value=\"{{id}}\" {{#if selected}}selected data-default{{/if}}>{{label}}</option>\n        {{/each}}\n    </select>\n</div>\n",
  "components/products/options/swatch": "<div class=\"form-field\" data-product-attribute=\"swatch\" role=\"radiogroup\" aria-labelledby=\"swatchGroup\">\n    <label class=\"form-label form-label--alternate form-label--inlineSmall\" id=\"swatchGroup\">\n        {{this.display_name}}:\n        <span data-option-value></span>\n\n        {{> components/common/requireness-msg}}\n    </label>\n\n    {{#unless required}}\n        <input\n            class=\"form-radio\"\n            type=\"radio\"\n            name=\"attribute[{{../id}}]\"\n            value=\"\"\n            id=\"attribute_swatch_{{../id}}_none\"\n            checked=\"{{#if defaultValue '==' ''}}checked{{/if}}\"\n            aria-label=\"{{lang 'products.none'}}\"\n        >\n        <label class=\"form-option form-option-swatch\" for=\"attribute_swatch_{{../id}}_none\">\n            <span class='form-option-variant form-option-variant--none' title=\"{{lang 'products.none'}}\">{{lang 'products.none'}}</span>\n        </label>\n    {{/unless}}\n\n    {{#each this.values}}\n    <div class=\"form-option-wrapper\">\n        <input class=\"form-radio\"\n               type=\"radio\"\n               name=\"attribute[{{../id}}]\"\n               value=\"{{id}}\"\n               id=\"attribute_swatch_{{../id}}_{{id}}\"\n               {{#if selected}}checked data-default{{/if}}\n               {{#if ../required}}required{{/if}}\n               aria-label=\"{{this.label}}\"\n        >\n        <label class=\"form-option form-option-swatch\" for=\"attribute_swatch_{{../id}}_{{id}}\" data-product-attribute-value=\"{{id}}\">\n            {{#if image}}\n                <span class='form-option-variant form-option-variant--pattern' title=\"{{this.label}}\" style=\"background-image: url('{{getImage image \"swatch_option_size\"}}');\"></span>\n            {{/if}}\n            {{#if data.[2]}}\n                <span class='form-option-variant form-option-variant--color' title=\"{{this.label}}\" style=\"background-color: #{{data.[0]}}\"></span>\n                <span class='form-option-variant form-option-variant--color' title=\"{{this.label}}\" style=\"background-color: #{{data.[1]}}\"></span>\n                <span class='form-option-variant form-option-variant--color' title=\"{{this.label}}\" style=\"background-color: #{{data.[2]}}\"></span>\n            {{else}}\n                {{#if data.[1]}}\n                    <span class='form-option-variant form-option-variant--color' title=\"{{this.label}}\" style=\"background-color: #{{data.[0]}}\"></span>\n                    <span class='form-option-variant form-option-variant--color' title=\"{{this.label}}\" style=\"background-color: #{{data.[1]}}\"></span>\n                {{else}}\n                    {{#if data.[0]}}\n                        <span class='form-option-variant form-option-variant--color' title=\"{{this.label}}\" style=\"background-color: #{{data.[0]}}\"></span>\n                    {{/if}}\n                {{/if}}\n            {{/if}}\n            {{#if pattern}}\n                <span class=\"form-option-expanded\">\n                    <span class=\"form-option-image\" style=\"background-image: url('{{getImage image 'core-swatch'}}');\"></span>\n                </span>\n            {{/if}}\n        </label>\n    </div>\n    {{/each}}\n</div>\n",
  "components/products/options/textarea": "<div class=\"form-field\" data-product-attribute=\"textarea\">\n    <label class=\"form-label form-label--alternate form-label--inlineSmall\" for=\"attribute_textarea_{{id}}\">\n        {{display_name}}:\n\n        {{> components/common/requireness-msg}}\n    </label>\n\n    <textarea class=\"form-input\" id=\"attribute_textarea_{{id}}\" name=\"attribute[{{id}}]\" {{#if required}}required{{/if}} {{#if max_length}}maxlength={{max_length}}{{/if}}>{{prefill}}</textarea>\n</div>\n",
  "components/common/forms/text": "<div class=\"form-field\" id=\"{{id}}\" data-validation=\"{{validation}}\" {{#if private_id}}data-type=\"{{private_id}}\"{{/if}}>\n    <label class=\"form-label\" for=\"{{id}}_input\">{{label}}\n        {{#if required}}<small>{{lang 'common.required' }}</small>{{/if}}\n    </label>\n    <input type=\"text\"\n           name=\"{{name}}\"\n           id=\"{{id}}_input\"\n           class=\"form-input\"\n           data-label=\"{{label}}\"\n           data-input\n           aria-required=\"{{required}}\"\n           {{#if value}} value=\"{{value}}\"{{/if}}\n           {{#if maxlength}}maxlength=\"{{maxlength}}\"{{/if}}\n           {{#if placeholder}} placeholder=\"{{placeholder}}\"{{/if}}\n           {{#if private_id}}data-field-type=\"{{private_id}}\"{{/if}}\n    >\n</div>\n",
  "components/common/forms/multiline": "<div class=\"form-field\" id=\"{{id}}\" data-validation=\"{{validation}}\">\n    <label class=\"form-label\" for=\"{{id}}_input\">{{label}}\n        {{#if required}}\n            <small>{{lang 'common.required' }}</small>\n        {{/if}}\n    </label>\n    <textarea name=\"{{name}}\"\n              id=\"{{id}}_input\"\n              data-label=\"{{label}}\"\n              rows=\"{{rows}}\"\n              aria-required=\"{{required}}\"\n              data-input\n              class=\"form-input\"\n              {{#if private_id}}data-field-type=\"{{private_id}}\"{{/if}}\n    >\n        {{value}}\n    </textarea>\n</div>\n",
  "components/common/requireness-msg": "<small>\n    {{#if required}}{{lang 'common.required'}}{{else}}{{lang 'common.optional'}}{{/if}}\n</small>\n"
}